formasi_id,ins_nm,jp_nama,formasi_nm,jabatan_nm,lokasi_nm,jumlah_formasi,disable,gaji_min,gaji_max,jumlah_ms
31a10296-4ad2-49b5-acc3-3c87ca35b7df,Badan Nasional Penanggulangan Terorisme,CPNS,UMUM,ANALIS KEBIJAKAN AHLI PERTAMA,"Badan Nasional Penanggulangan Terorisme | Deputi Bidang Pencegahan, Perlindungan dan Deradikalisasi | Direktorat Deradikalisasi | Subdirektorat Bina Lembaga Pemasyarakatan Khusus Teroris",1,0,6000000,8000000,30
088c3cac-c8c5-4775-b322-21dfcfdbcdd2,Badan Pelindungan Pekerja Migran Indonesia,CPNS,UMUM,ANALIS KEBIJAKAN AHLI PERTAMA,Badan Pelindungan Pekerja Migran Indonesia | DEPUTI BIDANG PENEMPATAN DAN PELINDUNGAN KAWASAN EROPA DAN TIMUR TENGAH | DIREKTORAT SISTEM DAN STRATEGI PENEMPATAN DAN PELINDUNGAN KAWASAN EROPA DAN TIMUR TENGAH,2,1,6862100,7746358,311
7980e585-a33e-4fb1-9fcc-bff894a56310,Badan Pelindungan Pekerja Migran Indonesia,CPNS,UMUM,ANALIS KEBIJAKAN AHLI PERTAMA,Badan Pelindungan Pekerja Migran Indonesia | DEPUTI BIDANG PENEMPATAN DAN PELINDUNGAN KAWASAN ASIA DAN AFRIKA | DIREKTORAT SISTEM DAN STRATEGI PENEMPATAN DAN PELINDUNGAN KAWASAN ASIA DAN AFRIKA,1,1,6862100,7746358,51
8a02849d91ab929d0191ac8b65900c2a,Kementerian Agama,CPNS,PENYANDANG DISABILITAS,PENGEMBANG TAFSIR AL QURAN AHLI PERTAMA,"BADAN PENELITIAN DAN PENGEMBANGAN, DAN PENDIDIKAN DAN PELATIHAN",5,1,2785700,6104700,1
8a038450919cdb3c0191a74442cb1c91,Kementerian Agama,CPNS,UMUM,PENGEMBANG TAFSIR AL QURAN AHLI PERTAMA,"BADAN PENELITIAN DAN PENGEMBANGAN, DAN PENDIDIKAN DAN PELATIHAN",29,1,2785700,6104700,133
8a028487919cdb310191a62a5861080f,Kementerian Agama,CPNS,UMUM,PENTASHIH MUSHAF AL-QUR`AN AHLI PERTAMA,"BADAN PENELITIAN DAN PENGEMBANGAN, DAN PENDIDIKAN DAN PELATIHAN",60,1,2785700,6104700,291
8a02849d91ab929d0191ac953dd70e00,Kementerian Agama,CPNS,PENYANDANG DISABILITAS,PENTASHIH MUSHAF AL-QUR`AN AHLI PERTAMA,"BADAN PENELITIAN DAN PENGEMBANGAN, DAN PENDIDIKAN DAN PELATIHAN",8,1,2785700,6104700,3
8a02849d91ab929d0191accbea8314e0,Kementerian Agama,CPNS,PUTRA/PUTRI KALIMANTAN,PENTASHIH MUSHAF AL-QUR`AN AHLI PERTAMA,DIREKTORAT JENDERAL BIMBINGAN MASYARAKAT ISLAM,1,1,2785700,6104700,0
8a02849d91ab929d0191accc88d1151d,Kementerian Agama,CPNS,PENYANDANG DISABILITAS,PENTASHIH MUSHAF AL-QUR`AN AHLI PERTAMA,DIREKTORAT JENDERAL BIMBINGAN MASYARAKAT ISLAM,1,1,2785700,6104700,0
8a038450919cdb3c0191a78af4091fa7,Kementerian Agama,CPNS,UMUM,PENTASHIH MUSHAF AL-QUR`AN AHLI PERTAMA,DIREKTORAT JENDERAL BIMBINGAN MASYARAKAT ISLAM,1,1,2785700,6104700,6
088c3cac-c8c5-4775-b322-21dfcfdbcdd2,Badan Pelindungan Pekerja Migran Indonesia,CPNS,UMUM,ANALIS KEBIJAKAN AHLI PERTAMA,Badan Pelindungan Pekerja Migran Indonesia | DEPUTI BIDANG PENEMPATAN DAN PELINDUNGAN KAWASAN EROPA DAN TIMUR TENGAH | DIREKTORAT SISTEM DAN STRATEGI PENEMPATAN DAN PELINDUNGAN KAWASAN EROPA DAN TIMUR TENGAH,2,1,6862100,7746358,311
7980e585-a33e-4fb1-9fcc-bff894a56310,Badan Pelindungan Pekerja Migran Indonesia,CPNS,UMUM,ANALIS KEBIJAKAN AHLI PERTAMA,Badan Pelindungan Pekerja Migran Indonesia | DEPUTI BIDANG PENEMPATAN DAN PELINDUNGAN KAWASAN ASIA DAN AFRIKA | DIREKTORAT SISTEM DAN STRATEGI PENEMPATAN DAN PELINDUNGAN KAWASAN ASIA DAN AFRIKA,1,1,6862100,7746358,51
8a02849d91ab929d0191ac8b65900c2a,Kementerian Agama,CPNS,PENYANDANG DISABILITAS,PENGEMBANG TAFSIR AL QURAN AHLI PERTAMA,"BADAN PENELITIAN DAN PENGEMBANGAN, DAN PENDIDIKAN DAN PELATIHAN",5,1,2785700,6104700,1
8a038450919cdb3c0191a74442cb1c91,Kementerian Agama,CPNS,UMUM,PENGEMBANG TAFSIR AL QURAN AHLI PERTAMA,"BADAN PENELITIAN DAN PENGEMBANGAN, DAN PENDIDIKAN DAN PELATIHAN",29,1,2785700,6104700,133
8a028487919cdb310191a62a5861080f,Kementerian Agama,CPNS,UMUM,PENTASHIH MUSHAF AL-QUR`AN AHLI PERTAMA,"BADAN PENELITIAN DAN PENGEMBANGAN, DAN PENDIDIKAN DAN PELATIHAN",60,1,2785700,6104700,291
8a02849d91ab929d0191ac953dd70e00,Kementerian Agama,CPNS,PENYANDANG DISABILITAS,PENTASHIH MUSHAF AL-QUR`AN AHLI PERTAMA,"BADAN PENELITIAN DAN PENGEMBANGAN, DAN PENDIDIKAN DAN PELATIHAN",8,1,2785700,6104700,3
8a02849d91ab929d0191accbea8314e0,Kementerian Agama,CPNS,PUTRA/PUTRI KALIMANTAN,PENTASHIH MUSHAF AL-QUR`AN AHLI PERTAMA,DIREKTORAT JENDERAL BIMBINGAN MASYARAKAT ISLAM,1,1,2785700,6104700,0
8a02849d91ab929d0191accc88d1151d,Kementerian Agama,CPNS,PENYANDANG DISABILITAS,PENTASHIH MUSHAF AL-QUR`AN AHLI PERTAMA,DIREKTORAT JENDERAL BIMBINGAN MASYARAKAT ISLAM,1,1,2785700,6104700,0
8a038450919cdb3c0191a78af4091fa7,Kementerian Agama,CPNS,UMUM,PENTASHIH MUSHAF AL-QUR`AN AHLI PERTAMA,DIREKTORAT JENDERAL BIMBINGAN MASYARAKAT ISLAM,1,1,2785700,6104700,6
8a028487919cdb310191a7f6e7c42181,Kementerian Agama,CPNS,UMUM,PENYULUH AGAMA AHLI PERTAMA - PENYULUH AGAMA ISLAM,KANWIL KEMENTERIAN AGAMA DAERAH ISTIMEWA YOGYAKARTA,81,1,2785700,6104700,1145
7980e585-a33e-4fb1-9fcc-bff894a56310,Badan Pelindungan Pekerja Migran Indonesia,CPNS,UMUM,ANALIS KEBIJAKAN AHLI PERTAMA,Badan Pelindungan Pekerja Migran Indonesia | DEPUTI BIDANG PENEMPATAN DAN PELINDUNGAN KAWASAN ASIA DAN AFRIKA | DIREKTORAT SISTEM DAN STRATEGI PENEMPATAN DAN PELINDUNGAN KAWASAN ASIA DAN AFRIKA,1,1,6862100,7746358,51
8a02849d91ab929d0191ac8b65900c2a,Kementerian Agama,CPNS,PENYANDANG DISABILITAS,PENGEMBANG TAFSIR AL QURAN AHLI PERTAMA,"BADAN PENELITIAN DAN PENGEMBANGAN, DAN PENDIDIKAN DAN PELATIHAN",5,1,2785700,6104700,1
8a038450919cdb3c0191a74442cb1c91,Kementerian Agama,CPNS,UMUM,PENGEMBANG TAFSIR AL QURAN AHLI PERTAMA,"BADAN PENELITIAN DAN PENGEMBANGAN, DAN PENDIDIKAN DAN PELATIHAN",29,1,2785700,6104700,133
8a028487919cdb310191a62a5861080f,Kementerian Agama,CPNS,UMUM,PENTASHIH MUSHAF AL-QUR`AN AHLI PERTAMA,"BADAN PENELITIAN DAN PENGEMBANGAN, DAN PENDIDIKAN DAN PELATIHAN",60,1,2785700,6104700,291
8a02849d91ab929d0191ac953dd70e00,Kementerian Agama,CPNS,PENYANDANG DISABILITAS,PENTASHIH MUSHAF AL-QUR`AN AHLI PERTAMA,"BADAN PENELITIAN DAN PENGEMBANGAN, DAN PENDIDIKAN DAN PELATIHAN",8,1,2785700,6104700,3
8a02849d91ab929d0191accbea8314e0,Kementerian Agama,CPNS,PUTRA/PUTRI KALIMANTAN,PENTASHIH MUSHAF AL-QUR`AN AHLI PERTAMA,DIREKTORAT JENDERAL BIMBINGAN MASYARAKAT ISLAM,1,1,2785700,6104700,0
8a02849d91ab929d0191accc88d1151d,Kementerian Agama,CPNS,PENYANDANG DISABILITAS,PENTASHIH MUSHAF AL-QUR`AN AHLI PERTAMA,DIREKTORAT JENDERAL BIMBINGAN MASYARAKAT ISLAM,1,1,2785700,6104700,0
8a038450919cdb3c0191a78af4091fa7,Kementerian Agama,CPNS,UMUM,PENTASHIH MUSHAF AL-QUR`AN AHLI PERTAMA,DIREKTORAT JENDERAL BIMBINGAN MASYARAKAT ISLAM,1,1,2785700,6104700,6
8a028487919cdb310191a7f6e7c42181,Kementerian Agama,CPNS,UMUM,PENYULUH AGAMA AHLI PERTAMA - PENYULUH AGAMA ISLAM,KANWIL KEMENTERIAN AGAMA DAERAH ISTIMEWA YOGYAKARTA,81,1,2785700,6104700,1145
8a028487919cdb310191a7faf04021ca,Kementerian Agama,CPNS,UMUM,PENYULUH AGAMA AHLI PERTAMA - PENYULUH AGAMA ISLAM,KANWIL KEMENTERIAN AGAMA PROVINSI JAWA TIMUR,123,1,2785700,6104700,2977
8a02849d91ab929d0191ac8b65900c2a,Kementerian Agama,CPNS,PENYANDANG DISABILITAS,PENGEMBANG TAFSIR AL QURAN AHLI PERTAMA,"BADAN PENELITIAN DAN PENGEMBANGAN, DAN PENDIDIKAN DAN PELATIHAN",5,1,2785700,6104700,1
8a038450919cdb3c0191a74442cb1c91,Kementerian Agama,CPNS,UMUM,PENGEMBANG TAFSIR AL QURAN AHLI PERTAMA,"BADAN PENELITIAN DAN PENGEMBANGAN, DAN PENDIDIKAN DAN PELATIHAN",29,1,2785700,6104700,133
8a028487919cdb310191a62a5861080f,Kementerian Agama,CPNS,UMUM,PENTASHIH MUSHAF AL-QUR`AN AHLI PERTAMA,"BADAN PENELITIAN DAN PENGEMBANGAN, DAN PENDIDIKAN DAN PELATIHAN",60,1,2785700,6104700,291
8a02849d91ab929d0191ac953dd70e00,Kementerian Agama,CPNS,PENYANDANG DISABILITAS,PENTASHIH MUSHAF AL-QUR`AN AHLI PERTAMA,"BADAN PENELITIAN DAN PENGEMBANGAN, DAN PENDIDIKAN DAN PELATIHAN",8,1,2785700,6104700,3
8a02849d91ab929d0191accbea8314e0,Kementerian Agama,CPNS,PUTRA/PUTRI KALIMANTAN,PENTASHIH MUSHAF AL-QUR`AN AHLI PERTAMA,DIREKTORAT JENDERAL BIMBINGAN MASYARAKAT ISLAM,1,1,2785700,6104700,0
8a02849d91ab929d0191accc88d1151d,Kementerian Agama,CPNS,PENYANDANG DISABILITAS,PENTASHIH MUSHAF AL-QUR`AN AHLI PERTAMA,DIREKTORAT JENDERAL BIMBINGAN MASYARAKAT ISLAM,1,1,2785700,6104700,0
8a038450919cdb3c0191a78af4091fa7,Kementerian Agama,CPNS,UMUM,PENTASHIH MUSHAF AL-QUR`AN AHLI PERTAMA,DIREKTORAT JENDERAL BIMBINGAN MASYARAKAT ISLAM,1,1,2785700,6104700,6
8a028487919cdb310191a7f6e7c42181,Kementerian Agama,CPNS,UMUM,PENYULUH AGAMA AHLI PERTAMA - PENYULUH AGAMA ISLAM,KANWIL KEMENTERIAN AGAMA DAERAH ISTIMEWA YOGYAKARTA,81,1,2785700,6104700,1145
8a028487919cdb310191a7faf04021ca,Kementerian Agama,CPNS,UMUM,PENYULUH AGAMA AHLI PERTAMA - PENYULUH AGAMA ISLAM,KANWIL KEMENTERIAN AGAMA PROVINSI JAWA TIMUR,123,1,2785700,6104700,2977
8a028487919cdb310191a7fc6f40223c,Kementerian Agama,CPNS,UMUM,PENYULUH AGAMA AHLI PERTAMA - PENYULUH AGAMA ISLAM,KANWIL KEMENTERIAN AGAMA PROVINSI MALUKU UTARA,3,1,2785700,6104700,71
8a038450919cdb3c0191a74442cb1c91,Kementerian Agama,CPNS,UMUM,PENGEMBANG TAFSIR AL QURAN AHLI PERTAMA,"BADAN PENELITIAN DAN PENGEMBANGAN, DAN PENDIDIKAN DAN PELATIHAN",29,1,2785700,6104700,133
8a028487919cdb310191a62a5861080f,Kementerian Agama,CPNS,UMUM,PENTASHIH MUSHAF AL-QUR`AN AHLI PERTAMA,"BADAN PENELITIAN DAN PENGEMBANGAN, DAN PENDIDIKAN DAN PELATIHAN",60,1,2785700,6104700,291
8a02849d91ab929d0191ac953dd70e00,Kementerian Agama,CPNS,PENYANDANG DISABILITAS,PENTASHIH MUSHAF AL-QUR`AN AHLI PERTAMA,"BADAN PENELITIAN DAN PENGEMBANGAN, DAN PENDIDIKAN DAN PELATIHAN",8,1,2785700,6104700,3
8a02849d91ab929d0191accbea8314e0,Kementerian Agama,CPNS,PUTRA/PUTRI KALIMANTAN,PENTASHIH MUSHAF AL-QUR`AN AHLI PERTAMA,DIREKTORAT JENDERAL BIMBINGAN MASYARAKAT ISLAM,1,1,2785700,6104700,0
8a02849d91ab929d0191accc88d1151d,Kementerian Agama,CPNS,PENYANDANG DISABILITAS,PENTASHIH MUSHAF AL-QUR`AN AHLI PERTAMA,DIREKTORAT JENDERAL BIMBINGAN MASYARAKAT ISLAM,1,1,2785700,6104700,0
8a038450919cdb3c0191a78af4091fa7,Kementerian Agama,CPNS,UMUM,PENTASHIH MUSHAF AL-QUR`AN AHLI PERTAMA,DIREKTORAT JENDERAL BIMBINGAN MASYARAKAT ISLAM,1,1,2785700,6104700,6
8a028487919cdb310191a7f6e7c42181,Kementerian Agama,CPNS,UMUM,PENYULUH AGAMA AHLI PERTAMA - PENYULUH AGAMA ISLAM,KANWIL KEMENTERIAN AGAMA DAERAH ISTIMEWA YOGYAKARTA,81,1,2785700,6104700,1145
8a028487919cdb310191a7faf04021ca,Kementerian Agama,CPNS,UMUM,PENYULUH AGAMA AHLI PERTAMA - PENYULUH AGAMA ISLAM,KANWIL KEMENTERIAN AGAMA PROVINSI JAWA TIMUR,123,1,2785700,6104700,2977
8a028487919cdb310191a7fc6f40223c,Kementerian Agama,CPNS,UMUM,PENYULUH AGAMA AHLI PERTAMA - PENYULUH AGAMA ISLAM,KANWIL KEMENTERIAN AGAMA PROVINSI MALUKU UTARA,3,1,2785700,6104700,71
8a028487919cdb310191a7fffb2c2253,Kementerian Agama,CPNS,UMUM,PENYULUH AGAMA AHLI PERTAMA - PENYULUH AGAMA ISLAM,KANWIL KEMENTERIAN AGAMA PROVINSI SULAWESI UTARA,10,1,2785700,6104700,112
8a028487919cdb310191a62a5861080f,Kementerian Agama,CPNS,UMUM,PENTASHIH MUSHAF AL-QUR`AN AHLI PERTAMA,"BADAN PENELITIAN DAN PENGEMBANGAN, DAN PENDIDIKAN DAN PELATIHAN",60,1,2785700,6104700,291
8a02849d91ab929d0191ac953dd70e00,Kementerian Agama,CPNS,PENYANDANG DISABILITAS,PENTASHIH MUSHAF AL-QUR`AN AHLI PERTAMA,"BADAN PENELITIAN DAN PENGEMBANGAN, DAN PENDIDIKAN DAN PELATIHAN",8,1,2785700,6104700,3
8a02849d91ab929d0191accbea8314e0,Kementerian Agama,CPNS,PUTRA/PUTRI KALIMANTAN,PENTASHIH MUSHAF AL-QUR`AN AHLI PERTAMA,DIREKTORAT JENDERAL BIMBINGAN MASYARAKAT ISLAM,1,1,2785700,6104700,0
8a02849d91ab929d0191accc88d1151d,Kementerian Agama,CPNS,PENYANDANG DISABILITAS,PENTASHIH MUSHAF AL-QUR`AN AHLI PERTAMA,DIREKTORAT JENDERAL BIMBINGAN MASYARAKAT ISLAM,1,1,2785700,6104700,0
8a038450919cdb3c0191a78af4091fa7,Kementerian Agama,CPNS,UMUM,PENTASHIH MUSHAF AL-QUR`AN AHLI PERTAMA,DIREKTORAT JENDERAL BIMBINGAN MASYARAKAT ISLAM,1,1,2785700,6104700,6
8a028487919cdb310191a7f6e7c42181,Kementerian Agama,CPNS,UMUM,PENYULUH AGAMA AHLI PERTAMA - PENYULUH AGAMA ISLAM,KANWIL KEMENTERIAN AGAMA DAERAH ISTIMEWA YOGYAKARTA,81,1,2785700,6104700,1145
8a028487919cdb310191a7faf04021ca,Kementerian Agama,CPNS,UMUM,PENYULUH AGAMA AHLI PERTAMA - PENYULUH AGAMA ISLAM,KANWIL KEMENTERIAN AGAMA PROVINSI JAWA TIMUR,123,1,2785700,6104700,2977
8a028487919cdb310191a7fc6f40223c,Kementerian Agama,CPNS,UMUM,PENYULUH AGAMA AHLI PERTAMA - PENYULUH AGAMA ISLAM,KANWIL KEMENTERIAN AGAMA PROVINSI MALUKU UTARA,3,1,2785700,6104700,71
8a028487919cdb310191a7fffb2c2253,Kementerian Agama,CPNS,UMUM,PENYULUH AGAMA AHLI PERTAMA - PENYULUH AGAMA ISLAM,KANWIL KEMENTERIAN AGAMA PROVINSI SULAWESI UTARA,10,1,2785700,6104700,112
8a028487919cdb310191a8441b9e23bc,Kementerian Agama,CPNS,UMUM,PENYULUH AGAMA AHLI PERTAMA - PENYULUH AGAMA ISLAM,KANWIL KEMENTERIAN AGAMA PROVINSI JAWA BARAT,264,1,2785700,6104700,3975
8a02849d91ab929d0191ac953dd70e00,Kementerian Agama,CPNS,PENYANDANG DISABILITAS,PENTASHIH MUSHAF AL-QUR`AN AHLI PERTAMA,"BADAN PENELITIAN DAN PENGEMBANGAN, DAN PENDIDIKAN DAN PELATIHAN",8,1,2785700,6104700,3
8a02849d91ab929d0191accbea8314e0,Kementerian Agama,CPNS,PUTRA/PUTRI KALIMANTAN,PENTASHIH MUSHAF AL-QUR`AN AHLI PERTAMA,DIREKTORAT JENDERAL BIMBINGAN MASYARAKAT ISLAM,1,1,2785700,6104700,0
8a02849d91ab929d0191accc88d1151d,Kementerian Agama,CPNS,PENYANDANG DISABILITAS,PENTASHIH MUSHAF AL-QUR`AN AHLI PERTAMA,DIREKTORAT JENDERAL BIMBINGAN MASYARAKAT ISLAM,1,1,2785700,6104700,0
8a038450919cdb3c0191a78af4091fa7,Kementerian Agama,CPNS,UMUM,PENTASHIH MUSHAF AL-QUR`AN AHLI PERTAMA,DIREKTORAT JENDERAL BIMBINGAN MASYARAKAT ISLAM,1,1,2785700,6104700,6
8a028487919cdb310191a7f6e7c42181,Kementerian Agama,CPNS,UMUM,PENYULUH AGAMA AHLI PERTAMA - PENYULUH AGAMA ISLAM,KANWIL KEMENTERIAN AGAMA DAERAH ISTIMEWA YOGYAKARTA,81,1,2785700,6104700,1145
8a028487919cdb310191a7faf04021ca,Kementerian Agama,CPNS,UMUM,PENYULUH AGAMA AHLI PERTAMA - PENYULUH AGAMA ISLAM,KANWIL KEMENTERIAN AGAMA PROVINSI JAWA TIMUR,123,1,2785700,6104700,2977
8a028487919cdb310191a7fc6f40223c,Kementerian Agama,CPNS,UMUM,PENYULUH AGAMA AHLI PERTAMA - PENYULUH AGAMA ISLAM,KANWIL KEMENTERIAN AGAMA PROVINSI MALUKU UTARA,3,1,2785700,6104700,71
8a028487919cdb310191a7fffb2c2253,Kementerian Agama,CPNS,UMUM,PENYULUH AGAMA AHLI PERTAMA - PENYULUH AGAMA ISLAM,KANWIL KEMENTERIAN AGAMA PROVINSI SULAWESI UTARA,10,1,2785700,6104700,112
8a028487919cdb310191a8441b9e23bc,Kementerian Agama,CPNS,UMUM,PENYULUH AGAMA AHLI PERTAMA - PENYULUH AGAMA ISLAM,KANWIL KEMENTERIAN AGAMA PROVINSI JAWA BARAT,264,1,2785700,6104700,3975
8a028487919cdb310191a862f3b324c4,Kementerian Agama,CPNS,UMUM,PENYULUH AGAMA AHLI PERTAMA - PENYULUH AGAMA ISLAM,KANWIL KEMENTERIAN AGAMA PROVINSI JAWA TENGAH,105,1,2785700,6104700,3611
8a02849d91ab929d0191accbea8314e0,Kementerian Agama,CPNS,PUTRA/PUTRI KALIMANTAN,PENTASHIH MUSHAF AL-QUR`AN AHLI PERTAMA,DIREKTORAT JENDERAL BIMBINGAN MASYARAKAT ISLAM,1,1,2785700,6104700,0
8a02849d91ab929d0191accc88d1151d,Kementerian Agama,CPNS,PENYANDANG DISABILITAS,PENTASHIH MUSHAF AL-QUR`AN AHLI PERTAMA,DIREKTORAT JENDERAL BIMBINGAN MASYARAKAT ISLAM,1,1,2785700,6104700,0
8a038450919cdb3c0191a78af4091fa7,Kementerian Agama,CPNS,UMUM,PENTASHIH MUSHAF AL-QUR`AN AHLI PERTAMA,DIREKTORAT JENDERAL BIMBINGAN MASYARAKAT ISLAM,1,1,2785700,6104700,6
8a028487919cdb310191a7f6e7c42181,Kementerian Agama,CPNS,UMUM,PENYULUH AGAMA AHLI PERTAMA - PENYULUH AGAMA ISLAM,KANWIL KEMENTERIAN AGAMA DAERAH ISTIMEWA YOGYAKARTA,81,1,2785700,6104700,1145
8a028487919cdb310191a7faf04021ca,Kementerian Agama,CPNS,UMUM,PENYULUH AGAMA AHLI PERTAMA - PENYULUH AGAMA ISLAM,KANWIL KEMENTERIAN AGAMA PROVINSI JAWA TIMUR,123,1,2785700,6104700,2977
8a028487919cdb310191a7fc6f40223c,Kementerian Agama,CPNS,UMUM,PENYULUH AGAMA AHLI PERTAMA - PENYULUH AGAMA ISLAM,KANWIL KEMENTERIAN AGAMA PROVINSI MALUKU UTARA,3,1,2785700,6104700,71
8a028487919cdb310191a7fffb2c2253,Kementerian Agama,CPNS,UMUM,PENYULUH AGAMA AHLI PERTAMA - PENYULUH AGAMA ISLAM,KANWIL KEMENTERIAN AGAMA PROVINSI SULAWESI UTARA,10,1,2785700,6104700,112
8a028487919cdb310191a8441b9e23bc,Kementerian Agama,CPNS,UMUM,PENYULUH AGAMA AHLI PERTAMA - PENYULUH AGAMA ISLAM,KANWIL KEMENTERIAN AGAMA PROVINSI JAWA BARAT,264,1,2785700,6104700,3975
8a028487919cdb310191a862f3b324c4,Kementerian Agama,CPNS,UMUM,PENYULUH AGAMA AHLI PERTAMA - PENYULUH AGAMA ISLAM,KANWIL KEMENTERIAN AGAMA PROVINSI JAWA TENGAH,105,1,2785700,6104700,3611
8a028487919cdb310191a8657ff6252e,Kementerian Agama,CPNS,UMUM,PENYULUH AGAMA AHLI PERTAMA - PENYULUH AGAMA ISLAM,KANWIL KEMENTERIAN AGAMA PROVINSI SULAWESI SELATAN,195,1,2785700,6104700,3629
8a02849d91ab929d0191accc88d1151d,Kementerian Agama,CPNS,PENYANDANG DISABILITAS,PENTASHIH MUSHAF AL-QUR`AN AHLI PERTAMA,DIREKTORAT JENDERAL BIMBINGAN MASYARAKAT ISLAM,1,1,2785700,6104700,0
8a038450919cdb3c0191a78af4091fa7,Kementerian Agama,CPNS,UMUM,PENTASHIH MUSHAF AL-QUR`AN AHLI PERTAMA,DIREKTORAT JENDERAL BIMBINGAN MASYARAKAT ISLAM,1,1,2785700,6104700,6
8a028487919cdb310191a7f6e7c42181,Kementerian Agama,CPNS,UMUM,PENYULUH AGAMA AHLI PERTAMA - PENYULUH AGAMA ISLAM,KANWIL KEMENTERIAN AGAMA DAERAH ISTIMEWA YOGYAKARTA,81,1,2785700,6104700,1145
8a028487919cdb310191a7faf04021ca,Kementerian Agama,CPNS,UMUM,PENYULUH AGAMA AHLI PERTAMA - PENYULUH AGAMA ISLAM,KANWIL KEMENTERIAN AGAMA PROVINSI JAWA TIMUR,123,1,2785700,6104700,2977
8a028487919cdb310191a7fc6f40223c,Kementerian Agama,CPNS,UMUM,PENYULUH AGAMA AHLI PERTAMA - PENYULUH AGAMA ISLAM,KANWIL KEMENTERIAN AGAMA PROVINSI MALUKU UTARA,3,1,2785700,6104700,71
8a028487919cdb310191a7fffb2c2253,Kementerian Agama,CPNS,UMUM,PENYULUH AGAMA AHLI PERTAMA - PENYULUH AGAMA ISLAM,KANWIL KEMENTERIAN AGAMA PROVINSI SULAWESI UTARA,10,1,2785700,6104700,112
8a028487919cdb310191a8441b9e23bc,Kementerian Agama,CPNS,UMUM,PENYULUH AGAMA AHLI PERTAMA - PENYULUH AGAMA ISLAM,KANWIL KEMENTERIAN AGAMA PROVINSI JAWA BARAT,264,1,2785700,6104700,3975
8a028487919cdb310191a862f3b324c4,Kementerian Agama,CPNS,UMUM,PENYULUH AGAMA AHLI PERTAMA - PENYULUH AGAMA ISLAM,KANWIL KEMENTERIAN AGAMA PROVINSI JAWA TENGAH,105,1,2785700,6104700,3611
8a028487919cdb310191a8657ff6252e,Kementerian Agama,CPNS,UMUM,PENYULUH AGAMA AHLI PERTAMA - PENYULUH AGAMA ISLAM,KANWIL KEMENTERIAN AGAMA PROVINSI SULAWESI SELATAN,195,1,2785700,6104700,3629
8a028487919cdb310191a8a5db5b29ce,Kementerian Agama,CPNS,UMUM,PENYULUH AGAMA AHLI PERTAMA - PENYULUH AGAMA ISLAM,KANWIL KEMENTERIAN AGAMA PROVINSI DKI JAKARTA,38,1,2785700,6104700,850
8a038450919cdb3c0191a78af4091fa7,Kementerian Agama,CPNS,UMUM,PENTASHIH MUSHAF AL-QUR`AN AHLI PERTAMA,DIREKTORAT JENDERAL BIMBINGAN MASYARAKAT ISLAM,1,1,2785700,6104700,6
8a028487919cdb310191a7f6e7c42181,Kementerian Agama,CPNS,UMUM,PENYULUH AGAMA AHLI PERTAMA - PENYULUH AGAMA ISLAM,KANWIL KEMENTERIAN AGAMA DAERAH ISTIMEWA YOGYAKARTA,81,1,2785700,6104700,1145
8a028487919cdb310191a7faf04021ca,Kementerian Agama,CPNS,UMUM,PENYULUH AGAMA AHLI PERTAMA - PENYULUH AGAMA ISLAM,KANWIL KEMENTERIAN AGAMA PROVINSI JAWA TIMUR,123,1,2785700,6104700,2977
8a028487919cdb310191a7fc6f40223c,Kementerian Agama,CPNS,UMUM,PENYULUH AGAMA AHLI PERTAMA - PENYULUH AGAMA ISLAM,KANWIL KEMENTERIAN AGAMA PROVINSI MALUKU UTARA,3,1,2785700,6104700,71
8a028487919cdb310191a7fffb2c2253,Kementerian Agama,CPNS,UMUM,PENYULUH AGAMA AHLI PERTAMA - PENYULUH AGAMA ISLAM,KANWIL KEMENTERIAN AGAMA PROVINSI SULAWESI UTARA,10,1,2785700,6104700,112
8a028487919cdb310191a8441b9e23bc,Kementerian Agama,CPNS,UMUM,PENYULUH AGAMA AHLI PERTAMA - PENYULUH AGAMA ISLAM,KANWIL KEMENTERIAN AGAMA PROVINSI JAWA BARAT,264,1,2785700,6104700,3975
8a028487919cdb310191a862f3b324c4,Kementerian Agama,CPNS,UMUM,PENYULUH AGAMA AHLI PERTAMA - PENYULUH AGAMA ISLAM,KANWIL KEMENTERIAN AGAMA PROVINSI JAWA TENGAH,105,1,2785700,6104700,3611
8a028487919cdb310191a8657ff6252e,Kementerian Agama,CPNS,UMUM,PENYULUH AGAMA AHLI PERTAMA - PENYULUH AGAMA ISLAM,KANWIL KEMENTERIAN AGAMA PROVINSI SULAWESI SELATAN,195,1,2785700,6104700,3629
8a028487919cdb310191a8a5db5b29ce,Kementerian Agama,CPNS,UMUM,PENYULUH AGAMA AHLI PERTAMA - PENYULUH AGAMA ISLAM,KANWIL KEMENTERIAN AGAMA PROVINSI DKI JAKARTA,38,1,2785700,6104700,850
8a028487919cdb310191a8a7642f29e9,Kementerian Agama,CPNS,UMUM,PENYULUH AGAMA AHLI PERTAMA - PENYULUH AGAMA ISLAM,KANWIL KEMENTERIAN AGAMA PROVINSI KALIMANTAN UTARA,3,1,2785700,6104700,41
8a028487919cdb310191a7f6e7c42181,Kementerian Agama,CPNS,UMUM,PENYULUH AGAMA AHLI PERTAMA - PENYULUH AGAMA ISLAM,KANWIL KEMENTERIAN AGAMA DAERAH ISTIMEWA YOGYAKARTA,81,1,2785700,6104700,1145
8a028487919cdb310191a7faf04021ca,Kementerian Agama,CPNS,UMUM,PENYULUH AGAMA AHLI PERTAMA - PENYULUH AGAMA ISLAM,KANWIL KEMENTERIAN AGAMA PROVINSI JAWA TIMUR,123,1,2785700,6104700,2977
8a028487919cdb310191a7fc6f40223c,Kementerian Agama,CPNS,UMUM,PENYULUH AGAMA AHLI PERTAMA - PENYULUH AGAMA ISLAM,KANWIL KEMENTERIAN AGAMA PROVINSI MALUKU UTARA,3,1,2785700,6104700,71
8a028487919cdb310191a7fffb2c2253,Kementerian Agama,CPNS,UMUM,PENYULUH AGAMA AHLI PERTAMA - PENYULUH AGAMA ISLAM,KANWIL KEMENTERIAN AGAMA PROVINSI SULAWESI UTARA,10,1,2785700,6104700,112
8a028487919cdb310191a8441b9e23bc,Kementerian Agama,CPNS,UMUM,PENYULUH AGAMA AHLI PERTAMA - PENYULUH AGAMA ISLAM,KANWIL KEMENTERIAN AGAMA PROVINSI JAWA BARAT,264,1,2785700,6104700,3975
8a028487919cdb310191a862f3b324c4,Kementerian Agama,CPNS,UMUM,PENYULUH AGAMA AHLI PERTAMA - PENYULUH AGAMA ISLAM,KANWIL KEMENTERIAN AGAMA PROVINSI JAWA TENGAH,105,1,2785700,6104700,3611
8a028487919cdb310191a8657ff6252e,Kementerian Agama,CPNS,UMUM,PENYULUH AGAMA AHLI PERTAMA - PENYULUH AGAMA ISLAM,KANWIL KEMENTERIAN AGAMA PROVINSI SULAWESI SELATAN,195,1,2785700,6104700,3629
8a028487919cdb310191a8a5db5b29ce,Kementerian Agama,CPNS,UMUM,PENYULUH AGAMA AHLI PERTAMA - PENYULUH AGAMA ISLAM,KANWIL KEMENTERIAN AGAMA PROVINSI DKI JAKARTA,38,1,2785700,6104700,850
8a028487919cdb310191a8a7642f29e9,Kementerian Agama,CPNS,UMUM,PENYULUH AGAMA AHLI PERTAMA - PENYULUH AGAMA ISLAM,KANWIL KEMENTERIAN AGAMA PROVINSI KALIMANTAN UTARA,3,1,2785700,6104700,41
8a028487919cdb310191a8a8ab9929ed,Kementerian Agama,CPNS,UMUM,PENYULUH AGAMA AHLI PERTAMA - PENYULUH AGAMA ISLAM,KANWIL KEMENTERIAN AGAMA PROVINSI RIAU,4,1,2785700,6104700,384
8a028487919cdb310191a7faf04021ca,Kementerian Agama,CPNS,UMUM,PENYULUH AGAMA AHLI PERTAMA - PENYULUH AGAMA ISLAM,KANWIL KEMENTERIAN AGAMA PROVINSI JAWA TIMUR,123,1,2785700,6104700,2977
8a028487919cdb310191a7fc6f40223c,Kementerian Agama,CPNS,UMUM,PENYULUH AGAMA AHLI PERTAMA - PENYULUH AGAMA ISLAM,KANWIL KEMENTERIAN AGAMA PROVINSI MALUKU UTARA,3,1,2785700,6104700,71
8a028487919cdb310191a7fffb2c2253,Kementerian Agama,CPNS,UMUM,PENYULUH AGAMA AHLI PERTAMA - PENYULUH AGAMA ISLAM,KANWIL KEMENTERIAN AGAMA PROVINSI SULAWESI UTARA,10,1,2785700,6104700,112
8a028487919cdb310191a8441b9e23bc,Kementerian Agama,CPNS,UMUM,PENYULUH AGAMA AHLI PERTAMA - PENYULUH AGAMA ISLAM,KANWIL KEMENTERIAN AGAMA PROVINSI JAWA BARAT,264,1,2785700,6104700,3975
8a028487919cdb310191a862f3b324c4,Kementerian Agama,CPNS,UMUM,PENYULUH AGAMA AHLI PERTAMA - PENYULUH AGAMA ISLAM,KANWIL KEMENTERIAN AGAMA PROVINSI JAWA TENGAH,105,1,2785700,6104700,3611
8a028487919cdb310191a8657ff6252e,Kementerian Agama,CPNS,UMUM,PENYULUH AGAMA AHLI PERTAMA - PENYULUH AGAMA ISLAM,KANWIL KEMENTERIAN AGAMA PROVINSI SULAWESI SELATAN,195,1,2785700,6104700,3629
8a028487919cdb310191a8a5db5b29ce,Kementerian Agama,CPNS,UMUM,PENYULUH AGAMA AHLI PERTAMA - PENYULUH AGAMA ISLAM,KANWIL KEMENTERIAN AGAMA PROVINSI DKI JAKARTA,38,1,2785700,6104700,850
8a028487919cdb310191a8a7642f29e9,Kementerian Agama,CPNS,UMUM,PENYULUH AGAMA AHLI PERTAMA - PENYULUH AGAMA ISLAM,KANWIL KEMENTERIAN AGAMA PROVINSI KALIMANTAN UTARA,3,1,2785700,6104700,41
8a028487919cdb310191a8a8ab9929ed,Kementerian Agama,CPNS,UMUM,PENYULUH AGAMA AHLI PERTAMA - PENYULUH AGAMA ISLAM,KANWIL KEMENTERIAN AGAMA PROVINSI RIAU,4,1,2785700,6104700,384
8a028487919cdb310191ab2bc1d63033,Kementerian Agama,CPNS,UMUM,PENYULUH AGAMA AHLI PERTAMA - PENYULUH AGAMA ISLAM,KANWIL KEMENTERIAN AGAMA PROVINSI SUMATERA BARAT,55,1,2785700,6104700,2518
8a028487919cdb310191a7fc6f40223c,Kementerian Agama,CPNS,UMUM,PENYULUH AGAMA AHLI PERTAMA - PENYULUH AGAMA ISLAM,KANWIL KEMENTERIAN AGAMA PROVINSI MALUKU UTARA,3,1,2785700,6104700,71
8a028487919cdb310191a7fffb2c2253,Kementerian Agama,CPNS,UMUM,PENYULUH AGAMA AHLI PERTAMA - PENYULUH AGAMA ISLAM,KANWIL KEMENTERIAN AGAMA PROVINSI SULAWESI UTARA,10,1,2785700,6104700,112
8a028487919cdb310191a8441b9e23bc,Kementerian Agama,CPNS,UMUM,PENYULUH AGAMA AHLI PERTAMA - PENYULUH AGAMA ISLAM,KANWIL KEMENTERIAN AGAMA PROVINSI JAWA BARAT,264,1,2785700,6104700,3975
8a028487919cdb310191a862f3b324c4,Kementerian Agama,CPNS,UMUM,PENYULUH AGAMA AHLI PERTAMA - PENYULUH AGAMA ISLAM,KANWIL KEMENTERIAN AGAMA PROVINSI JAWA TENGAH,105,1,2785700,6104700,3611
8a028487919cdb310191a8657ff6252e,Kementerian Agama,CPNS,UMUM,PENYULUH AGAMA AHLI PERTAMA - PENYULUH AGAMA ISLAM,KANWIL KEMENTERIAN AGAMA PROVINSI SULAWESI SELATAN,195,1,2785700,6104700,3629
8a028487919cdb310191a8a5db5b29ce,Kementerian Agama,CPNS,UMUM,PENYULUH AGAMA AHLI PERTAMA - PENYULUH AGAMA ISLAM,KANWIL KEMENTERIAN AGAMA PROVINSI DKI JAKARTA,38,1,2785700,6104700,850
8a028487919cdb310191a8a7642f29e9,Kementerian Agama,CPNS,UMUM,PENYULUH AGAMA AHLI PERTAMA - PENYULUH AGAMA ISLAM,KANWIL KEMENTERIAN AGAMA PROVINSI KALIMANTAN UTARA,3,1,2785700,6104700,41
8a028487919cdb310191a8a8ab9929ed,Kementerian Agama,CPNS,UMUM,PENYULUH AGAMA AHLI PERTAMA - PENYULUH AGAMA ISLAM,KANWIL KEMENTERIAN AGAMA PROVINSI RIAU,4,1,2785700,6104700,384
8a028487919cdb310191ab2bc1d63033,Kementerian Agama,CPNS,UMUM,PENYULUH AGAMA AHLI PERTAMA - PENYULUH AGAMA ISLAM,KANWIL KEMENTERIAN AGAMA PROVINSI SUMATERA BARAT,55,1,2785700,6104700,2518
8a028487919cdb310191ab2cc8fb3065,Kementerian Agama,CPNS,UMUM,PENYULUH AGAMA AHLI PERTAMA - PENYULUH AGAMA ISLAM,KANWIL KEMENTERIAN AGAMA PROVINSI NUSA TENGGARA BARAT,16,1,2785700,6104700,909
8a028487919cdb310191a7fffb2c2253,Kementerian Agama,CPNS,UMUM,PENYULUH AGAMA AHLI PERTAMA - PENYULUH AGAMA ISLAM,KANWIL KEMENTERIAN AGAMA PROVINSI SULAWESI UTARA,10,1,2785700,6104700,112
8a028487919cdb310191a8441b9e23bc,Kementerian Agama,CPNS,UMUM,PENYULUH AGAMA AHLI PERTAMA - PENYULUH AGAMA ISLAM,KANWIL KEMENTERIAN AGAMA PROVINSI JAWA BARAT,264,1,2785700,6104700,3975
8a028487919cdb310191a862f3b324c4,Kementerian Agama,CPNS,UMUM,PENYULUH AGAMA AHLI PERTAMA - PENYULUH AGAMA ISLAM,KANWIL KEMENTERIAN AGAMA PROVINSI JAWA TENGAH,105,1,2785700,6104700,3611
8a028487919cdb310191a8657ff6252e,Kementerian Agama,CPNS,UMUM,PENYULUH AGAMA AHLI PERTAMA - PENYULUH AGAMA ISLAM,KANWIL KEMENTERIAN AGAMA PROVINSI SULAWESI SELATAN,195,1,2785700,6104700,3629
8a028487919cdb310191a8a5db5b29ce,Kementerian Agama,CPNS,UMUM,PENYULUH AGAMA AHLI PERTAMA - PENYULUH AGAMA ISLAM,KANWIL KEMENTERIAN AGAMA PROVINSI DKI JAKARTA,38,1,2785700,6104700,850
8a028487919cdb310191a8a7642f29e9,Kementerian Agama,CPNS,UMUM,PENYULUH AGAMA AHLI PERTAMA - PENYULUH AGAMA ISLAM,KANWIL KEMENTERIAN AGAMA PROVINSI KALIMANTAN UTARA,3,1,2785700,6104700,41
8a028487919cdb310191a8a8ab9929ed,Kementerian Agama,CPNS,UMUM,PENYULUH AGAMA AHLI PERTAMA - PENYULUH AGAMA ISLAM,KANWIL KEMENTERIAN AGAMA PROVINSI RIAU,4,1,2785700,6104700,384
8a028487919cdb310191ab2bc1d63033,Kementerian Agama,CPNS,UMUM,PENYULUH AGAMA AHLI PERTAMA - PENYULUH AGAMA ISLAM,KANWIL KEMENTERIAN AGAMA PROVINSI SUMATERA BARAT,55,1,2785700,6104700,2518
8a028487919cdb310191ab2cc8fb3065,Kementerian Agama,CPNS,UMUM,PENYULUH AGAMA AHLI PERTAMA - PENYULUH AGAMA ISLAM,KANWIL KEMENTERIAN AGAMA PROVINSI NUSA TENGGARA BARAT,16,1,2785700,6104700,909
8a028487919cdb310191ab2f97363076,Kementerian Agama,CPNS,UMUM,PENYULUH AGAMA AHLI PERTAMA - PENYULUH AGAMA ISLAM,KANWIL KEMENTERIAN AGAMA PROVINSI KALIMANTAN BARAT,7,1,2785700,6104700,195
8a028487919cdb310191a8441b9e23bc,Kementerian Agama,CPNS,UMUM,PENYULUH AGAMA AHLI PERTAMA - PENYULUH AGAMA ISLAM,KANWIL KEMENTERIAN AGAMA PROVINSI JAWA BARAT,264,1,2785700,6104700,3975
8a028487919cdb310191a862f3b324c4,Kementerian Agama,CPNS,UMUM,PENYULUH AGAMA AHLI PERTAMA - PENYULUH AGAMA ISLAM,KANWIL KEMENTERIAN AGAMA PROVINSI JAWA TENGAH,105,1,2785700,6104700,3611
8a028487919cdb310191a8657ff6252e,Kementerian Agama,CPNS,UMUM,PENYULUH AGAMA AHLI PERTAMA - PENYULUH AGAMA ISLAM,KANWIL KEMENTERIAN AGAMA PROVINSI SULAWESI SELATAN,195,1,2785700,6104700,3629
8a028487919cdb310191a8a5db5b29ce,Kementerian Agama,CPNS,UMUM,PENYULUH AGAMA AHLI PERTAMA - PENYULUH AGAMA ISLAM,KANWIL KEMENTERIAN AGAMA PROVINSI DKI JAKARTA,38,1,2785700,6104700,850
8a028487919cdb310191a8a7642f29e9,Kementerian Agama,CPNS,UMUM,PENYULUH AGAMA AHLI PERTAMA - PENYULUH AGAMA ISLAM,KANWIL KEMENTERIAN AGAMA PROVINSI KALIMANTAN UTARA,3,1,2785700,6104700,41
8a028487919cdb310191a8a8ab9929ed,Kementerian Agama,CPNS,UMUM,PENYULUH AGAMA AHLI PERTAMA - PENYULUH AGAMA ISLAM,KANWIL KEMENTERIAN AGAMA PROVINSI RIAU,4,1,2785700,6104700,384
8a028487919cdb310191ab2bc1d63033,Kementerian Agama,CPNS,UMUM,PENYULUH AGAMA AHLI PERTAMA - PENYULUH AGAMA ISLAM,KANWIL KEMENTERIAN AGAMA PROVINSI SUMATERA BARAT,55,1,2785700,6104700,2518
8a028487919cdb310191ab2cc8fb3065,Kementerian Agama,CPNS,UMUM,PENYULUH AGAMA AHLI PERTAMA - PENYULUH AGAMA ISLAM,KANWIL KEMENTERIAN AGAMA PROVINSI NUSA TENGGARA BARAT,16,1,2785700,6104700,909
8a028487919cdb310191ab2f97363076,Kementerian Agama,CPNS,UMUM,PENYULUH AGAMA AHLI PERTAMA - PENYULUH AGAMA ISLAM,KANWIL KEMENTERIAN AGAMA PROVINSI KALIMANTAN BARAT,7,1,2785700,6104700,195
8a028487919cdb310191ab7d8fee314a,Kementerian Agama,CPNS,UMUM,PENYULUH AGAMA AHLI PERTAMA - PENYULUH AGAMA ISLAM,KANWIL KEMENTERIAN AGAMA PROVINSI KEPULAUAN RIAU,12,1,2785700,6104700,270
8a028487919cdb310191a862f3b324c4,Kementerian Agama,CPNS,UMUM,PENYULUH AGAMA AHLI PERTAMA - PENYULUH AGAMA ISLAM,KANWIL KEMENTERIAN AGAMA PROVINSI JAWA TENGAH,105,1,2785700,6104700,3611
8a028487919cdb310191a8657ff6252e,Kementerian Agama,CPNS,UMUM,PENYULUH AGAMA AHLI PERTAMA - PENYULUH AGAMA ISLAM,KANWIL KEMENTERIAN AGAMA PROVINSI SULAWESI SELATAN,195,1,2785700,6104700,3629
8a028487919cdb310191a8a5db5b29ce,Kementerian Agama,CPNS,UMUM,PENYULUH AGAMA AHLI PERTAMA - PENYULUH AGAMA ISLAM,KANWIL KEMENTERIAN AGAMA PROVINSI DKI JAKARTA,38,1,2785700,6104700,850
8a028487919cdb310191a8a7642f29e9,Kementerian Agama,CPNS,UMUM,PENYULUH AGAMA AHLI PERTAMA - PENYULUH AGAMA ISLAM,KANWIL KEMENTERIAN AGAMA PROVINSI KALIMANTAN UTARA,3,1,2785700,6104700,41
8a028487919cdb310191a8a8ab9929ed,Kementerian Agama,CPNS,UMUM,PENYULUH AGAMA AHLI PERTAMA - PENYULUH AGAMA ISLAM,KANWIL KEMENTERIAN AGAMA PROVINSI RIAU,4,1,2785700,6104700,384
8a028487919cdb310191ab2bc1d63033,Kementerian Agama,CPNS,UMUM,PENYULUH AGAMA AHLI PERTAMA - PENYULUH AGAMA ISLAM,KANWIL KEMENTERIAN AGAMA PROVINSI SUMATERA BARAT,55,1,2785700,6104700,2518
8a028487919cdb310191ab2cc8fb3065,Kementerian Agama,CPNS,UMUM,PENYULUH AGAMA AHLI PERTAMA - PENYULUH AGAMA ISLAM,KANWIL KEMENTERIAN AGAMA PROVINSI NUSA TENGGARA BARAT,16,1,2785700,6104700,909
8a028487919cdb310191ab2f97363076,Kementerian Agama,CPNS,UMUM,PENYULUH AGAMA AHLI PERTAMA - PENYULUH AGAMA ISLAM,KANWIL KEMENTERIAN AGAMA PROVINSI KALIMANTAN BARAT,7,1,2785700,6104700,195
8a028487919cdb310191ab7d8fee314a,Kementerian Agama,CPNS,UMUM,PENYULUH AGAMA AHLI PERTAMA - PENYULUH AGAMA ISLAM,KANWIL KEMENTERIAN AGAMA PROVINSI KEPULAUAN RIAU,12,1,2785700,6104700,270
8a028487919cdb310191ab7dd4133157,Kementerian Agama,CPNS,UMUM,PENYULUH AGAMA AHLI PERTAMA - PENYULUH AGAMA ISLAM,KANWIL KEMENTERIAN AGAMA PROVINSI ACEH,74,1,2785700,6104700,3929
8a028487919cdb310191a8657ff6252e,Kementerian Agama,CPNS,UMUM,PENYULUH AGAMA AHLI PERTAMA - PENYULUH AGAMA ISLAM,KANWIL KEMENTERIAN AGAMA PROVINSI SULAWESI SELATAN,195,1,2785700,6104700,3629
8a028487919cdb310191a8a5db5b29ce,Kementerian Agama,CPNS,UMUM,PENYULUH AGAMA AHLI PERTAMA - PENYULUH AGAMA ISLAM,KANWIL KEMENTERIAN AGAMA PROVINSI DKI JAKARTA,38,1,2785700,6104700,850
8a028487919cdb310191a8a7642f29e9,Kementerian Agama,CPNS,UMUM,PENYULUH AGAMA AHLI PERTAMA - PENYULUH AGAMA ISLAM,KANWIL KEMENTERIAN AGAMA PROVINSI KALIMANTAN UTARA,3,1,2785700,6104700,41
8a028487919cdb310191a8a8ab9929ed,Kementerian Agama,CPNS,UMUM,PENYULUH AGAMA AHLI PERTAMA - PENYULUH AGAMA ISLAM,KANWIL KEMENTERIAN AGAMA PROVINSI RIAU,4,1,2785700,6104700,384
8a028487919cdb310191ab2bc1d63033,Kementerian Agama,CPNS,UMUM,PENYULUH AGAMA AHLI PERTAMA - PENYULUH AGAMA ISLAM,KANWIL KEMENTERIAN AGAMA PROVINSI SUMATERA BARAT,55,1,2785700,6104700,2518
8a028487919cdb310191ab2cc8fb3065,Kementerian Agama,CPNS,UMUM,PENYULUH AGAMA AHLI PERTAMA - PENYULUH AGAMA ISLAM,KANWIL KEMENTERIAN AGAMA PROVINSI NUSA TENGGARA BARAT,16,1,2785700,6104700,909
8a028487919cdb310191ab2f97363076,Kementerian Agama,CPNS,UMUM,PENYULUH AGAMA AHLI PERTAMA - PENYULUH AGAMA ISLAM,KANWIL KEMENTERIAN AGAMA PROVINSI KALIMANTAN BARAT,7,1,2785700,6104700,195
8a028487919cdb310191ab7d8fee314a,Kementerian Agama,CPNS,UMUM,PENYULUH AGAMA AHLI PERTAMA - PENYULUH AGAMA ISLAM,KANWIL KEMENTERIAN AGAMA PROVINSI KEPULAUAN RIAU,12,1,2785700,6104700,270
8a028487919cdb310191ab7dd4133157,Kementerian Agama,CPNS,UMUM,PENYULUH AGAMA AHLI PERTAMA - PENYULUH AGAMA ISLAM,KANWIL KEMENTERIAN AGAMA PROVINSI ACEH,74,1,2785700,6104700,3929
8a038450919cdb3c0191a7f6c3dd24fb,Kementerian Agama,CPNS,UMUM,PENYULUH AGAMA AHLI PERTAMA - PENYULUH AGAMA ISLAM,KANWIL KEMENTERIAN AGAMA PROVINSI BALI,10,1,2785700,6104700,213
8a028487919cdb310191a8a5db5b29ce,Kementerian Agama,CPNS,UMUM,PENYULUH AGAMA AHLI PERTAMA - PENYULUH AGAMA ISLAM,KANWIL KEMENTERIAN AGAMA PROVINSI DKI JAKARTA,38,1,2785700,6104700,850
8a028487919cdb310191a8a7642f29e9,Kementerian Agama,CPNS,UMUM,PENYULUH AGAMA AHLI PERTAMA - PENYULUH AGAMA ISLAM,KANWIL KEMENTERIAN AGAMA PROVINSI KALIMANTAN UTARA,3,1,2785700,6104700,41
8a028487919cdb310191a8a8ab9929ed,Kementerian Agama,CPNS,UMUM,PENYULUH AGAMA AHLI PERTAMA - PENYULUH AGAMA ISLAM,KANWIL KEMENTERIAN AGAMA PROVINSI RIAU,4,1,2785700,6104700,384
8a028487919cdb310191ab2bc1d63033,Kementerian Agama,CPNS,UMUM,PENYULUH AGAMA AHLI PERTAMA - PENYULUH AGAMA ISLAM,KANWIL KEMENTERIAN AGAMA PROVINSI SUMATERA BARAT,55,1,2785700,6104700,2518
8a028487919cdb310191ab2cc8fb3065,Kementerian Agama,CPNS,UMUM,PENYULUH AGAMA AHLI PERTAMA - PENYULUH AGAMA ISLAM,KANWIL KEMENTERIAN AGAMA PROVINSI NUSA TENGGARA BARAT,16,1,2785700,6104700,909
8a028487919cdb310191ab2f97363076,Kementerian Agama,CPNS,UMUM,PENYULUH AGAMA AHLI PERTAMA - PENYULUH AGAMA ISLAM,KANWIL KEMENTERIAN AGAMA PROVINSI KALIMANTAN BARAT,7,1,2785700,6104700,195
8a028487919cdb310191ab7d8fee314a,Kementerian Agama,CPNS,UMUM,PENYULUH AGAMA AHLI PERTAMA - PENYULUH AGAMA ISLAM,KANWIL KEMENTERIAN AGAMA PROVINSI KEPULAUAN RIAU,12,1,2785700,6104700,270
8a028487919cdb310191ab7dd4133157,Kementerian Agama,CPNS,UMUM,PENYULUH AGAMA AHLI PERTAMA - PENYULUH AGAMA ISLAM,KANWIL KEMENTERIAN AGAMA PROVINSI ACEH,74,1,2785700,6104700,3929
8a038450919cdb3c0191a7f6c3dd24fb,Kementerian Agama,CPNS,UMUM,PENYULUH AGAMA AHLI PERTAMA - PENYULUH AGAMA ISLAM,KANWIL KEMENTERIAN AGAMA PROVINSI BALI,10,1,2785700,6104700,213
8a038450919cdb3c0191a7f8cd322513,Kementerian Agama,CPNS,UMUM,PENYULUH AGAMA AHLI PERTAMA - PENYULUH AGAMA ISLAM,KANWIL KEMENTERIAN AGAMA PROVINSI KALIMANTAN SELATAN,43,1,2785700,6104700,812
8a028487919cdb310191a8a7642f29e9,Kementerian Agama,CPNS,UMUM,PENYULUH AGAMA AHLI PERTAMA - PENYULUH AGAMA ISLAM,KANWIL KEMENTERIAN AGAMA PROVINSI KALIMANTAN UTARA,3,1,2785700,6104700,41
8a028487919cdb310191a8a8ab9929ed,Kementerian Agama,CPNS,UMUM,PENYULUH AGAMA AHLI PERTAMA - PENYULUH AGAMA ISLAM,KANWIL KEMENTERIAN AGAMA PROVINSI RIAU,4,1,2785700,6104700,384
8a028487919cdb310191ab2bc1d63033,Kementerian Agama,CPNS,UMUM,PENYULUH AGAMA AHLI PERTAMA - PENYULUH AGAMA ISLAM,KANWIL KEMENTERIAN AGAMA PROVINSI SUMATERA BARAT,55,1,2785700,6104700,2518
8a028487919cdb310191ab2cc8fb3065,Kementerian Agama,CPNS,UMUM,PENYULUH AGAMA AHLI PERTAMA - PENYULUH AGAMA ISLAM,KANWIL KEMENTERIAN AGAMA PROVINSI NUSA TENGGARA BARAT,16,1,2785700,6104700,909
8a028487919cdb310191ab2f97363076,Kementerian Agama,CPNS,UMUM,PENYULUH AGAMA AHLI PERTAMA - PENYULUH AGAMA ISLAM,KANWIL KEMENTERIAN AGAMA PROVINSI KALIMANTAN BARAT,7,1,2785700,6104700,195
8a028487919cdb310191ab7d8fee314a,Kementerian Agama,CPNS,UMUM,PENYULUH AGAMA AHLI PERTAMA - PENYULUH AGAMA ISLAM,KANWIL KEMENTERIAN AGAMA PROVINSI KEPULAUAN RIAU,12,1,2785700,6104700,270
8a028487919cdb310191ab7dd4133157,Kementerian Agama,CPNS,UMUM,PENYULUH AGAMA AHLI PERTAMA - PENYULUH AGAMA ISLAM,KANWIL KEMENTERIAN AGAMA PROVINSI ACEH,74,1,2785700,6104700,3929
8a038450919cdb3c0191a7f6c3dd24fb,Kementerian Agama,CPNS,UMUM,PENYULUH AGAMA AHLI PERTAMA - PENYULUH AGAMA ISLAM,KANWIL KEMENTERIAN AGAMA PROVINSI BALI,10,1,2785700,6104700,213
8a038450919cdb3c0191a7f8cd322513,Kementerian Agama,CPNS,UMUM,PENYULUH AGAMA AHLI PERTAMA - PENYULUH AGAMA ISLAM,KANWIL KEMENTERIAN AGAMA PROVINSI KALIMANTAN SELATAN,43,1,2785700,6104700,812
8a038450919cdb3c0191a7fa3f78255f,Kementerian Agama,CPNS,UMUM,PENYULUH AGAMA AHLI PERTAMA - PENYULUH AGAMA ISLAM,KANWIL KEMENTERIAN AGAMA PROVINSI NUSA TENGGARA TIMUR,3,1,2785700,6104700,87
8a028487919cdb310191a8a8ab9929ed,Kementerian Agama,CPNS,UMUM,PENYULUH AGAMA AHLI PERTAMA - PENYULUH AGAMA ISLAM,KANWIL KEMENTERIAN AGAMA PROVINSI RIAU,4,1,2785700,6104700,384
8a028487919cdb310191ab2bc1d63033,Kementerian Agama,CPNS,UMUM,PENYULUH AGAMA AHLI PERTAMA - PENYULUH AGAMA ISLAM,KANWIL KEMENTERIAN AGAMA PROVINSI SUMATERA BARAT,55,1,2785700,6104700,2518
8a028487919cdb310191ab2cc8fb3065,Kementerian Agama,CPNS,UMUM,PENYULUH AGAMA AHLI PERTAMA - PENYULUH AGAMA ISLAM,KANWIL KEMENTERIAN AGAMA PROVINSI NUSA TENGGARA BARAT,16,1,2785700,6104700,909
8a028487919cdb310191ab2f97363076,Kementerian Agama,CPNS,UMUM,PENYULUH AGAMA AHLI PERTAMA - PENYULUH AGAMA ISLAM,KANWIL KEMENTERIAN AGAMA PROVINSI KALIMANTAN BARAT,7,1,2785700,6104700,195
8a028487919cdb310191ab7d8fee314a,Kementerian Agama,CPNS,UMUM,PENYULUH AGAMA AHLI PERTAMA - PENYULUH AGAMA ISLAM,KANWIL KEMENTERIAN AGAMA PROVINSI KEPULAUAN RIAU,12,1,2785700,6104700,270
8a028487919cdb310191ab7dd4133157,Kementerian Agama,CPNS,UMUM,PENYULUH AGAMA AHLI PERTAMA - PENYULUH AGAMA ISLAM,KANWIL KEMENTERIAN AGAMA PROVINSI ACEH,74,1,2785700,6104700,3929
8a038450919cdb3c0191a7f6c3dd24fb,Kementerian Agama,CPNS,UMUM,PENYULUH AGAMA AHLI PERTAMA - PENYULUH AGAMA ISLAM,KANWIL KEMENTERIAN AGAMA PROVINSI BALI,10,1,2785700,6104700,213
8a038450919cdb3c0191a7f8cd322513,Kementerian Agama,CPNS,UMUM,PENYULUH AGAMA AHLI PERTAMA - PENYULUH AGAMA ISLAM,KANWIL KEMENTERIAN AGAMA PROVINSI KALIMANTAN SELATAN,43,1,2785700,6104700,812
8a038450919cdb3c0191a7fa3f78255f,Kementerian Agama,CPNS,UMUM,PENYULUH AGAMA AHLI PERTAMA - PENYULUH AGAMA ISLAM,KANWIL KEMENTERIAN AGAMA PROVINSI NUSA TENGGARA TIMUR,3,1,2785700,6104700,87
8a038450919cdb3c0191a7fce87a2594,Kementerian Agama,CPNS,UMUM,PENYULUH AGAMA AHLI PERTAMA - PENYULUH AGAMA ISLAM,KANWIL KEMENTERIAN AGAMA PROVINSI SUMATERA SELATAN,50,1,2785700,6104700,957
8a028487919cdb310191ab2bc1d63033,Kementerian Agama,CPNS,UMUM,PENYULUH AGAMA AHLI PERTAMA - PENYULUH AGAMA ISLAM,KANWIL KEMENTERIAN AGAMA PROVINSI SUMATERA BARAT,55,1,2785700,6104700,2518
8a028487919cdb310191ab2cc8fb3065,Kementerian Agama,CPNS,UMUM,PENYULUH AGAMA AHLI PERTAMA - PENYULUH AGAMA ISLAM,KANWIL KEMENTERIAN AGAMA PROVINSI NUSA TENGGARA BARAT,16,1,2785700,6104700,909
8a028487919cdb310191ab2f97363076,Kementerian Agama,CPNS,UMUM,PENYULUH AGAMA AHLI PERTAMA - PENYULUH AGAMA ISLAM,KANWIL KEMENTERIAN AGAMA PROVINSI KALIMANTAN BARAT,7,1,2785700,6104700,195
8a028487919cdb310191ab7d8fee314a,Kementerian Agama,CPNS,UMUM,PENYULUH AGAMA AHLI PERTAMA - PENYULUH AGAMA ISLAM,KANWIL KEMENTERIAN AGAMA PROVINSI KEPULAUAN RIAU,12,1,2785700,6104700,270
8a028487919cdb310191ab7dd4133157,Kementerian Agama,CPNS,UMUM,PENYULUH AGAMA AHLI PERTAMA - PENYULUH AGAMA ISLAM,KANWIL KEMENTERIAN AGAMA PROVINSI ACEH,74,1,2785700,6104700,3929
8a038450919cdb3c0191a7f6c3dd24fb,Kementerian Agama,CPNS,UMUM,PENYULUH AGAMA AHLI PERTAMA - PENYULUH AGAMA ISLAM,KANWIL KEMENTERIAN AGAMA PROVINSI BALI,10,1,2785700,6104700,213
8a038450919cdb3c0191a7f8cd322513,Kementerian Agama,CPNS,UMUM,PENYULUH AGAMA AHLI PERTAMA - PENYULUH AGAMA ISLAM,KANWIL KEMENTERIAN AGAMA PROVINSI KALIMANTAN SELATAN,43,1,2785700,6104700,812
8a038450919cdb3c0191a7fa3f78255f,Kementerian Agama,CPNS,UMUM,PENYULUH AGAMA AHLI PERTAMA - PENYULUH AGAMA ISLAM,KANWIL KEMENTERIAN AGAMA PROVINSI NUSA TENGGARA TIMUR,3,1,2785700,6104700,87
8a038450919cdb3c0191a7fce87a2594,Kementerian Agama,CPNS,UMUM,PENYULUH AGAMA AHLI PERTAMA - PENYULUH AGAMA ISLAM,KANWIL KEMENTERIAN AGAMA PROVINSI SUMATERA SELATAN,50,1,2785700,6104700,957
8a038450919cdb3c0191a82b2c3e27a8,Kementerian Agama,CPNS,PUTRA/PUTRI PAPUA DAN PAPUA BARAT,PENYULUH AGAMA AHLI PERTAMA - PENYULUH AGAMA ISLAM,KANWIL KEMENTERIAN AGAMA PROVINSI PAPUA BARAT,10,1,2785700,6104700,6
8a028487919cdb310191ab2cc8fb3065,Kementerian Agama,CPNS,UMUM,PENYULUH AGAMA AHLI PERTAMA - PENYULUH AGAMA ISLAM,KANWIL KEMENTERIAN AGAMA PROVINSI NUSA TENGGARA BARAT,16,1,2785700,6104700,909
8a028487919cdb310191ab2f97363076,Kementerian Agama,CPNS,UMUM,PENYULUH AGAMA AHLI PERTAMA - PENYULUH AGAMA ISLAM,KANWIL KEMENTERIAN AGAMA PROVINSI KALIMANTAN BARAT,7,1,2785700,6104700,195
8a028487919cdb310191ab7d8fee314a,Kementerian Agama,CPNS,UMUM,PENYULUH AGAMA AHLI PERTAMA - PENYULUH AGAMA ISLAM,KANWIL KEMENTERIAN AGAMA PROVINSI KEPULAUAN RIAU,12,1,2785700,6104700,270
8a028487919cdb310191ab7dd4133157,Kementerian Agama,CPNS,UMUM,PENYULUH AGAMA AHLI PERTAMA - PENYULUH AGAMA ISLAM,KANWIL KEMENTERIAN AGAMA PROVINSI ACEH,74,1,2785700,6104700,3929
8a038450919cdb3c0191a7f6c3dd24fb,Kementerian Agama,CPNS,UMUM,PENYULUH AGAMA AHLI PERTAMA - PENYULUH AGAMA ISLAM,KANWIL KEMENTERIAN AGAMA PROVINSI BALI,10,1,2785700,6104700,213
8a038450919cdb3c0191a7f8cd322513,Kementerian Agama,CPNS,UMUM,PENYULUH AGAMA AHLI PERTAMA - PENYULUH AGAMA ISLAM,KANWIL KEMENTERIAN AGAMA PROVINSI KALIMANTAN SELATAN,43,1,2785700,6104700,812
8a038450919cdb3c0191a7fa3f78255f,Kementerian Agama,CPNS,UMUM,PENYULUH AGAMA AHLI PERTAMA - PENYULUH AGAMA ISLAM,KANWIL KEMENTERIAN AGAMA PROVINSI NUSA TENGGARA TIMUR,3,1,2785700,6104700,87
8a038450919cdb3c0191a7fce87a2594,Kementerian Agama,CPNS,UMUM,PENYULUH AGAMA AHLI PERTAMA - PENYULUH AGAMA ISLAM,KANWIL KEMENTERIAN AGAMA PROVINSI SUMATERA SELATAN,50,1,2785700,6104700,957
8a038450919cdb3c0191a82b2c3e27a8,Kementerian Agama,CPNS,PUTRA/PUTRI PAPUA DAN PAPUA BARAT,PENYULUH AGAMA AHLI PERTAMA - PENYULUH AGAMA ISLAM,KANWIL KEMENTERIAN AGAMA PROVINSI PAPUA BARAT,10,1,2785700,6104700,6
8a038450919cdb3c0191a82cce5d27ec,Kementerian Agama,CPNS,UMUM,PENYULUH AGAMA AHLI PERTAMA - PENYULUH AGAMA ISLAM,KANWIL KEMENTERIAN AGAMA PROVINSI KALIMANTAN TIMUR,20,1,2785700,6104700,150
8a028487919cdb310191ab2f97363076,Kementerian Agama,CPNS,UMUM,PENYULUH AGAMA AHLI PERTAMA - PENYULUH AGAMA ISLAM,KANWIL KEMENTERIAN AGAMA PROVINSI KALIMANTAN BARAT,7,1,2785700,6104700,195
8a028487919cdb310191ab7d8fee314a,Kementerian Agama,CPNS,UMUM,PENYULUH AGAMA AHLI PERTAMA - PENYULUH AGAMA ISLAM,KANWIL KEMENTERIAN AGAMA PROVINSI KEPULAUAN RIAU,12,1,2785700,6104700,270
8a028487919cdb310191ab7dd4133157,Kementerian Agama,CPNS,UMUM,PENYULUH AGAMA AHLI PERTAMA - PENYULUH AGAMA ISLAM,KANWIL KEMENTERIAN AGAMA PROVINSI ACEH,74,1,2785700,6104700,3929
8a038450919cdb3c0191a7f6c3dd24fb,Kementerian Agama,CPNS,UMUM,PENYULUH AGAMA AHLI PERTAMA - PENYULUH AGAMA ISLAM,KANWIL KEMENTERIAN AGAMA PROVINSI BALI,10,1,2785700,6104700,213
8a038450919cdb3c0191a7f8cd322513,Kementerian Agama,CPNS,UMUM,PENYULUH AGAMA AHLI PERTAMA - PENYULUH AGAMA ISLAM,KANWIL KEMENTERIAN AGAMA PROVINSI KALIMANTAN SELATAN,43,1,2785700,6104700,812
8a038450919cdb3c0191a7fa3f78255f,Kementerian Agama,CPNS,UMUM,PENYULUH AGAMA AHLI PERTAMA - PENYULUH AGAMA ISLAM,KANWIL KEMENTERIAN AGAMA PROVINSI NUSA TENGGARA TIMUR,3,1,2785700,6104700,87
8a038450919cdb3c0191a7fce87a2594,Kementerian Agama,CPNS,UMUM,PENYULUH AGAMA AHLI PERTAMA - PENYULUH AGAMA ISLAM,KANWIL KEMENTERIAN AGAMA PROVINSI SUMATERA SELATAN,50,1,2785700,6104700,957
8a038450919cdb3c0191a82b2c3e27a8,Kementerian Agama,CPNS,PUTRA/PUTRI PAPUA DAN PAPUA BARAT,PENYULUH AGAMA AHLI PERTAMA - PENYULUH AGAMA ISLAM,KANWIL KEMENTERIAN AGAMA PROVINSI PAPUA BARAT,10,1,2785700,6104700,6
8a038450919cdb3c0191a82cce5d27ec,Kementerian Agama,CPNS,UMUM,PENYULUH AGAMA AHLI PERTAMA - PENYULUH AGAMA ISLAM,KANWIL KEMENTERIAN AGAMA PROVINSI KALIMANTAN TIMUR,20,1,2785700,6104700,150
8a038450919cdb3c0191a830e9012841,Kementerian Agama,CPNS,UMUM,PENYULUH AGAMA AHLI PERTAMA - PENYULUH AGAMA ISLAM,KANWIL KEMENTERIAN AGAMA PROVINSI BENGKULU,40,1,2785700,6104700,897
8a028487919cdb310191ab7d8fee314a,Kementerian Agama,CPNS,UMUM,PENYULUH AGAMA AHLI PERTAMA - PENYULUH AGAMA ISLAM,KANWIL KEMENTERIAN AGAMA PROVINSI KEPULAUAN RIAU,12,1,2785700,6104700,270
8a028487919cdb310191ab7dd4133157,Kementerian Agama,CPNS,UMUM,PENYULUH AGAMA AHLI PERTAMA - PENYULUH AGAMA ISLAM,KANWIL KEMENTERIAN AGAMA PROVINSI ACEH,74,1,2785700,6104700,3929
8a038450919cdb3c0191a7f6c3dd24fb,Kementerian Agama,CPNS,UMUM,PENYULUH AGAMA AHLI PERTAMA - PENYULUH AGAMA ISLAM,KANWIL KEMENTERIAN AGAMA PROVINSI BALI,10,1,2785700,6104700,213
8a038450919cdb3c0191a7f8cd322513,Kementerian Agama,CPNS,UMUM,PENYULUH AGAMA AHLI PERTAMA - PENYULUH AGAMA ISLAM,KANWIL KEMENTERIAN AGAMA PROVINSI KALIMANTAN SELATAN,43,1,2785700,6104700,812
8a038450919cdb3c0191a7fa3f78255f,Kementerian Agama,CPNS,UMUM,PENYULUH AGAMA AHLI PERTAMA - PENYULUH AGAMA ISLAM,KANWIL KEMENTERIAN AGAMA PROVINSI NUSA TENGGARA TIMUR,3,1,2785700,6104700,87
8a038450919cdb3c0191a7fce87a2594,Kementerian Agama,CPNS,UMUM,PENYULUH AGAMA AHLI PERTAMA - PENYULUH AGAMA ISLAM,KANWIL KEMENTERIAN AGAMA PROVINSI SUMATERA SELATAN,50,1,2785700,6104700,957
8a038450919cdb3c0191a82b2c3e27a8,Kementerian Agama,CPNS,PUTRA/PUTRI PAPUA DAN PAPUA BARAT,PENYULUH AGAMA AHLI PERTAMA - PENYULUH AGAMA ISLAM,KANWIL KEMENTERIAN AGAMA PROVINSI PAPUA BARAT,10,1,2785700,6104700,6
8a038450919cdb3c0191a82cce5d27ec,Kementerian Agama,CPNS,UMUM,PENYULUH AGAMA AHLI PERTAMA - PENYULUH AGAMA ISLAM,KANWIL KEMENTERIAN AGAMA PROVINSI KALIMANTAN TIMUR,20,1,2785700,6104700,150
8a038450919cdb3c0191a830e9012841,Kementerian Agama,CPNS,UMUM,PENYULUH AGAMA AHLI PERTAMA - PENYULUH AGAMA ISLAM,KANWIL KEMENTERIAN AGAMA PROVINSI BENGKULU,40,1,2785700,6104700,897
8a038450919cdb3c0191a83dc3172935,Kementerian Agama,CPNS,UMUM,PENYULUH AGAMA AHLI PERTAMA - PENYULUH AGAMA ISLAM,KANWIL KEMENTERIAN AGAMA PROVINSI LAMPUNG,21,1,2785700,6104700,1122
8a028487919cdb310191ab7dd4133157,Kementerian Agama,CPNS,UMUM,PENYULUH AGAMA AHLI PERTAMA - PENYULUH AGAMA ISLAM,KANWIL KEMENTERIAN AGAMA PROVINSI ACEH,74,1,2785700,6104700,3929
8a038450919cdb3c0191a7f6c3dd24fb,Kementerian Agama,CPNS,UMUM,PENYULUH AGAMA AHLI PERTAMA - PENYULUH AGAMA ISLAM,KANWIL KEMENTERIAN AGAMA PROVINSI BALI,10,1,2785700,6104700,213
8a038450919cdb3c0191a7f8cd322513,Kementerian Agama,CPNS,UMUM,PENYULUH AGAMA AHLI PERTAMA - PENYULUH AGAMA ISLAM,KANWIL KEMENTERIAN AGAMA PROVINSI KALIMANTAN SELATAN,43,1,2785700,6104700,812
8a038450919cdb3c0191a7fa3f78255f,Kementerian Agama,CPNS,UMUM,PENYULUH AGAMA AHLI PERTAMA - PENYULUH AGAMA ISLAM,KANWIL KEMENTERIAN AGAMA PROVINSI NUSA TENGGARA TIMUR,3,1,2785700,6104700,87
8a038450919cdb3c0191a7fce87a2594,Kementerian Agama,CPNS,UMUM,PENYULUH AGAMA AHLI PERTAMA - PENYULUH AGAMA ISLAM,KANWIL KEMENTERIAN AGAMA PROVINSI SUMATERA SELATAN,50,1,2785700,6104700,957
8a038450919cdb3c0191a82b2c3e27a8,Kementerian Agama,CPNS,PUTRA/PUTRI PAPUA DAN PAPUA BARAT,PENYULUH AGAMA AHLI PERTAMA - PENYULUH AGAMA ISLAM,KANWIL KEMENTERIAN AGAMA PROVINSI PAPUA BARAT,10,1,2785700,6104700,6
8a038450919cdb3c0191a82cce5d27ec,Kementerian Agama,CPNS,UMUM,PENYULUH AGAMA AHLI PERTAMA - PENYULUH AGAMA ISLAM,KANWIL KEMENTERIAN AGAMA PROVINSI KALIMANTAN TIMUR,20,1,2785700,6104700,150
8a038450919cdb3c0191a830e9012841,Kementerian Agama,CPNS,UMUM,PENYULUH AGAMA AHLI PERTAMA - PENYULUH AGAMA ISLAM,KANWIL KEMENTERIAN AGAMA PROVINSI BENGKULU,40,1,2785700,6104700,897
8a038450919cdb3c0191a83dc3172935,Kementerian Agama,CPNS,UMUM,PENYULUH AGAMA AHLI PERTAMA - PENYULUH AGAMA ISLAM,KANWIL KEMENTERIAN AGAMA PROVINSI LAMPUNG,21,1,2785700,6104700,1122
8a038450919cdb3c0191a870129e2b81,Kementerian Agama,CPNS,UMUM,PENYULUH AGAMA AHLI PERTAMA - PENYULUH AGAMA ISLAM,KANWIL KEMENTERIAN AGAMA PROVINSI MALUKU,6,1,2785700,6104700,160
8a038450919cdb3c0191a7f6c3dd24fb,Kementerian Agama,CPNS,UMUM,PENYULUH AGAMA AHLI PERTAMA - PENYULUH AGAMA ISLAM,KANWIL KEMENTERIAN AGAMA PROVINSI BALI,10,1,2785700,6104700,213
8a038450919cdb3c0191a7f8cd322513,Kementerian Agama,CPNS,UMUM,PENYULUH AGAMA AHLI PERTAMA - PENYULUH AGAMA ISLAM,KANWIL KEMENTERIAN AGAMA PROVINSI KALIMANTAN SELATAN,43,1,2785700,6104700,812
8a038450919cdb3c0191a7fa3f78255f,Kementerian Agama,CPNS,UMUM,PENYULUH AGAMA AHLI PERTAMA - PENYULUH AGAMA ISLAM,KANWIL KEMENTERIAN AGAMA PROVINSI NUSA TENGGARA TIMUR,3,1,2785700,6104700,87
8a038450919cdb3c0191a7fce87a2594,Kementerian Agama,CPNS,UMUM,PENYULUH AGAMA AHLI PERTAMA - PENYULUH AGAMA ISLAM,KANWIL KEMENTERIAN AGAMA PROVINSI SUMATERA SELATAN,50,1,2785700,6104700,957
8a038450919cdb3c0191a82b2c3e27a8,Kementerian Agama,CPNS,PUTRA/PUTRI PAPUA DAN PAPUA BARAT,PENYULUH AGAMA AHLI PERTAMA - PENYULUH AGAMA ISLAM,KANWIL KEMENTERIAN AGAMA PROVINSI PAPUA BARAT,10,1,2785700,6104700,6
8a038450919cdb3c0191a82cce5d27ec,Kementerian Agama,CPNS,UMUM,PENYULUH AGAMA AHLI PERTAMA - PENYULUH AGAMA ISLAM,KANWIL KEMENTERIAN AGAMA PROVINSI KALIMANTAN TIMUR,20,1,2785700,6104700,150
8a038450919cdb3c0191a830e9012841,Kementerian Agama,CPNS,UMUM,PENYULUH AGAMA AHLI PERTAMA - PENYULUH AGAMA ISLAM,KANWIL KEMENTERIAN AGAMA PROVINSI BENGKULU,40,1,2785700,6104700,897
8a038450919cdb3c0191a83dc3172935,Kementerian Agama,CPNS,UMUM,PENYULUH AGAMA AHLI PERTAMA - PENYULUH AGAMA ISLAM,KANWIL KEMENTERIAN AGAMA PROVINSI LAMPUNG,21,1,2785700,6104700,1122
8a038450919cdb3c0191a870129e2b81,Kementerian Agama,CPNS,UMUM,PENYULUH AGAMA AHLI PERTAMA - PENYULUH AGAMA ISLAM,KANWIL KEMENTERIAN AGAMA PROVINSI MALUKU,6,1,2785700,6104700,160
8a038450919cdb3c0191a873ad162beb,Kementerian Agama,CPNS,UMUM,PENYULUH AGAMA AHLI PERTAMA - PENYULUH AGAMA ISLAM,KANWIL KEMENTERIAN AGAMA PROVINSI SULAWESI TENGGARA,23,1,2785700,6104700,347
8a038450919cdb3c0191a7f8cd322513,Kementerian Agama,CPNS,UMUM,PENYULUH AGAMA AHLI PERTAMA - PENYULUH AGAMA ISLAM,KANWIL KEMENTERIAN AGAMA PROVINSI KALIMANTAN SELATAN,43,1,2785700,6104700,812
8a038450919cdb3c0191a7fa3f78255f,Kementerian Agama,CPNS,UMUM,PENYULUH AGAMA AHLI PERTAMA - PENYULUH AGAMA ISLAM,KANWIL KEMENTERIAN AGAMA PROVINSI NUSA TENGGARA TIMUR,3,1,2785700,6104700,87
8a038450919cdb3c0191a7fce87a2594,Kementerian Agama,CPNS,UMUM,PENYULUH AGAMA AHLI PERTAMA - PENYULUH AGAMA ISLAM,KANWIL KEMENTERIAN AGAMA PROVINSI SUMATERA SELATAN,50,1,2785700,6104700,957
8a038450919cdb3c0191a82b2c3e27a8,Kementerian Agama,CPNS,PUTRA/PUTRI PAPUA DAN PAPUA BARAT,PENYULUH AGAMA AHLI PERTAMA - PENYULUH AGAMA ISLAM,KANWIL KEMENTERIAN AGAMA PROVINSI PAPUA BARAT,10,1,2785700,6104700,6
8a038450919cdb3c0191a82cce5d27ec,Kementerian Agama,CPNS,UMUM,PENYULUH AGAMA AHLI PERTAMA - PENYULUH AGAMA ISLAM,KANWIL KEMENTERIAN AGAMA PROVINSI KALIMANTAN TIMUR,20,1,2785700,6104700,150
8a038450919cdb3c0191a830e9012841,Kementerian Agama,CPNS,UMUM,PENYULUH AGAMA AHLI PERTAMA - PENYULUH AGAMA ISLAM,KANWIL KEMENTERIAN AGAMA PROVINSI BENGKULU,40,1,2785700,6104700,897
8a038450919cdb3c0191a83dc3172935,Kementerian Agama,CPNS,UMUM,PENYULUH AGAMA AHLI PERTAMA - PENYULUH AGAMA ISLAM,KANWIL KEMENTERIAN AGAMA PROVINSI LAMPUNG,21,1,2785700,6104700,1122
8a038450919cdb3c0191a870129e2b81,Kementerian Agama,CPNS,UMUM,PENYULUH AGAMA AHLI PERTAMA - PENYULUH AGAMA ISLAM,KANWIL KEMENTERIAN AGAMA PROVINSI MALUKU,6,1,2785700,6104700,160
8a038450919cdb3c0191a873ad162beb,Kementerian Agama,CPNS,UMUM,PENYULUH AGAMA AHLI PERTAMA - PENYULUH AGAMA ISLAM,KANWIL KEMENTERIAN AGAMA PROVINSI SULAWESI TENGGARA,23,1,2785700,6104700,347
8a038450919cdb3c0191a8951a992dc1,Kementerian Agama,CPNS,UMUM,PENYULUH AGAMA AHLI PERTAMA - PENYULUH AGAMA ISLAM,KANWIL KEMENTERIAN AGAMA PROVINSI SULAWESI TENGAH,10,1,2785700,6104700,213
8a038450919cdb3c0191a7fa3f78255f,Kementerian Agama,CPNS,UMUM,PENYULUH AGAMA AHLI PERTAMA - PENYULUH AGAMA ISLAM,KANWIL KEMENTERIAN AGAMA PROVINSI NUSA TENGGARA TIMUR,3,1,2785700,6104700,87
8a038450919cdb3c0191a7fce87a2594,Kementerian Agama,CPNS,UMUM,PENYULUH AGAMA AHLI PERTAMA - PENYULUH AGAMA ISLAM,KANWIL KEMENTERIAN AGAMA PROVINSI SUMATERA SELATAN,50,1,2785700,6104700,957
8a038450919cdb3c0191a82b2c3e27a8,Kementerian Agama,CPNS,PUTRA/PUTRI PAPUA DAN PAPUA BARAT,PENYULUH AGAMA AHLI PERTAMA - PENYULUH AGAMA ISLAM,KANWIL KEMENTERIAN AGAMA PROVINSI PAPUA BARAT,10,1,2785700,6104700,6
8a038450919cdb3c0191a82cce5d27ec,Kementerian Agama,CPNS,UMUM,PENYULUH AGAMA AHLI PERTAMA - PENYULUH AGAMA ISLAM,KANWIL KEMENTERIAN AGAMA PROVINSI KALIMANTAN TIMUR,20,1,2785700,6104700,150
8a038450919cdb3c0191a830e9012841,Kementerian Agama,CPNS,UMUM,PENYULUH AGAMA AHLI PERTAMA - PENYULUH AGAMA ISLAM,KANWIL KEMENTERIAN AGAMA PROVINSI BENGKULU,40,1,2785700,6104700,897
8a038450919cdb3c0191a83dc3172935,Kementerian Agama,CPNS,UMUM,PENYULUH AGAMA AHLI PERTAMA - PENYULUH AGAMA ISLAM,KANWIL KEMENTERIAN AGAMA PROVINSI LAMPUNG,21,1,2785700,6104700,1122
8a038450919cdb3c0191a870129e2b81,Kementerian Agama,CPNS,UMUM,PENYULUH AGAMA AHLI PERTAMA - PENYULUH AGAMA ISLAM,KANWIL KEMENTERIAN AGAMA PROVINSI MALUKU,6,1,2785700,6104700,160
8a038450919cdb3c0191a873ad162beb,Kementerian Agama,CPNS,UMUM,PENYULUH AGAMA AHLI PERTAMA - PENYULUH AGAMA ISLAM,KANWIL KEMENTERIAN AGAMA PROVINSI SULAWESI TENGGARA,23,1,2785700,6104700,347
8a038450919cdb3c0191a8951a992dc1,Kementerian Agama,CPNS,UMUM,PENYULUH AGAMA AHLI PERTAMA - PENYULUH AGAMA ISLAM,KANWIL KEMENTERIAN AGAMA PROVINSI SULAWESI TENGAH,10,1,2785700,6104700,213
8a038450919cdb3c0191a8ba57b82f21,Kementerian Agama,CPNS,UMUM,PENYULUH AGAMA AHLI PERTAMA - PENYULUH AGAMA ISLAM,KANWIL KEMENTERIAN AGAMA PROVINSI SUMATERA UTARA,40,1,2785700,6104700,1452
8a038450919cdb3c0191a7fce87a2594,Kementerian Agama,CPNS,UMUM,PENYULUH AGAMA AHLI PERTAMA - PENYULUH AGAMA ISLAM,KANWIL KEMENTERIAN AGAMA PROVINSI SUMATERA SELATAN,50,1,2785700,6104700,957
8a038450919cdb3c0191a82b2c3e27a8,Kementerian Agama,CPNS,PUTRA/PUTRI PAPUA DAN PAPUA BARAT,PENYULUH AGAMA AHLI PERTAMA - PENYULUH AGAMA ISLAM,KANWIL KEMENTERIAN AGAMA PROVINSI PAPUA BARAT,10,1,2785700,6104700,6
8a038450919cdb3c0191a82cce5d27ec,Kementerian Agama,CPNS,UMUM,PENYULUH AGAMA AHLI PERTAMA - PENYULUH AGAMA ISLAM,KANWIL KEMENTERIAN AGAMA PROVINSI KALIMANTAN TIMUR,20,1,2785700,6104700,150
8a038450919cdb3c0191a830e9012841,Kementerian Agama,CPNS,UMUM,PENYULUH AGAMA AHLI PERTAMA - PENYULUH AGAMA ISLAM,KANWIL KEMENTERIAN AGAMA PROVINSI BENGKULU,40,1,2785700,6104700,897
8a038450919cdb3c0191a83dc3172935,Kementerian Agama,CPNS,UMUM,PENYULUH AGAMA AHLI PERTAMA - PENYULUH AGAMA ISLAM,KANWIL KEMENTERIAN AGAMA PROVINSI LAMPUNG,21,1,2785700,6104700,1122
8a038450919cdb3c0191a870129e2b81,Kementerian Agama,CPNS,UMUM,PENYULUH AGAMA AHLI PERTAMA - PENYULUH AGAMA ISLAM,KANWIL KEMENTERIAN AGAMA PROVINSI MALUKU,6,1,2785700,6104700,160
8a038450919cdb3c0191a873ad162beb,Kementerian Agama,CPNS,UMUM,PENYULUH AGAMA AHLI PERTAMA - PENYULUH AGAMA ISLAM,KANWIL KEMENTERIAN AGAMA PROVINSI SULAWESI TENGGARA,23,1,2785700,6104700,347
8a038450919cdb3c0191a8951a992dc1,Kementerian Agama,CPNS,UMUM,PENYULUH AGAMA AHLI PERTAMA - PENYULUH AGAMA ISLAM,KANWIL KEMENTERIAN AGAMA PROVINSI SULAWESI TENGAH,10,1,2785700,6104700,213
8a038450919cdb3c0191a8ba57b82f21,Kementerian Agama,CPNS,UMUM,PENYULUH AGAMA AHLI PERTAMA - PENYULUH AGAMA ISLAM,KANWIL KEMENTERIAN AGAMA PROVINSI SUMATERA UTARA,40,1,2785700,6104700,1452
8a038450919cdb3c0191a8bb9b802f5a,Kementerian Agama,CPNS,PUTRA/PUTRI PAPUA DAN PAPUA BARAT,PENYULUH AGAMA AHLI PERTAMA - PENYULUH AGAMA ISLAM,KANWIL KEMENTERIAN AGAMA PROVINSI PAPUA,2,1,2785700,6104700,0
8a038450919cdb3c0191a82b2c3e27a8,Kementerian Agama,CPNS,PUTRA/PUTRI PAPUA DAN PAPUA BARAT,PENYULUH AGAMA AHLI PERTAMA - PENYULUH AGAMA ISLAM,KANWIL KEMENTERIAN AGAMA PROVINSI PAPUA BARAT,10,1,2785700,6104700,6
8a038450919cdb3c0191a82cce5d27ec,Kementerian Agama,CPNS,UMUM,PENYULUH AGAMA AHLI PERTAMA - PENYULUH AGAMA ISLAM,KANWIL KEMENTERIAN AGAMA PROVINSI KALIMANTAN TIMUR,20,1,2785700,6104700,150
8a038450919cdb3c0191a830e9012841,Kementerian Agama,CPNS,UMUM,PENYULUH AGAMA AHLI PERTAMA - PENYULUH AGAMA ISLAM,KANWIL KEMENTERIAN AGAMA PROVINSI BENGKULU,40,1,2785700,6104700,897
8a038450919cdb3c0191a83dc3172935,Kementerian Agama,CPNS,UMUM,PENYULUH AGAMA AHLI PERTAMA - PENYULUH AGAMA ISLAM,KANWIL KEMENTERIAN AGAMA PROVINSI LAMPUNG,21,1,2785700,6104700,1122
8a038450919cdb3c0191a870129e2b81,Kementerian Agama,CPNS,UMUM,PENYULUH AGAMA AHLI PERTAMA - PENYULUH AGAMA ISLAM,KANWIL KEMENTERIAN AGAMA PROVINSI MALUKU,6,1,2785700,6104700,160
8a038450919cdb3c0191a873ad162beb,Kementerian Agama,CPNS,UMUM,PENYULUH AGAMA AHLI PERTAMA - PENYULUH AGAMA ISLAM,KANWIL KEMENTERIAN AGAMA PROVINSI SULAWESI TENGGARA,23,1,2785700,6104700,347
8a038450919cdb3c0191a8951a992dc1,Kementerian Agama,CPNS,UMUM,PENYULUH AGAMA AHLI PERTAMA - PENYULUH AGAMA ISLAM,KANWIL KEMENTERIAN AGAMA PROVINSI SULAWESI TENGAH,10,1,2785700,6104700,213
8a038450919cdb3c0191a8ba57b82f21,Kementerian Agama,CPNS,UMUM,PENYULUH AGAMA AHLI PERTAMA - PENYULUH AGAMA ISLAM,KANWIL KEMENTERIAN AGAMA PROVINSI SUMATERA UTARA,40,1,2785700,6104700,1452
8a038450919cdb3c0191a8bb9b802f5a,Kementerian Agama,CPNS,PUTRA/PUTRI PAPUA DAN PAPUA BARAT,PENYULUH AGAMA AHLI PERTAMA - PENYULUH AGAMA ISLAM,KANWIL KEMENTERIAN AGAMA PROVINSI PAPUA,2,1,2785700,6104700,0
8a038450919cdb3c0191a8bc91bb2f5d,Kementerian Agama,CPNS,UMUM,PENYULUH AGAMA AHLI PERTAMA - PENYULUH AGAMA ISLAM,KANWIL KEMENTERIAN AGAMA PROVINSI KALIMANTAN TENGAH,7,1,2785700,6104700,130
8a038450919cdb3c0191a82cce5d27ec,Kementerian Agama,CPNS,UMUM,PENYULUH AGAMA AHLI PERTAMA - PENYULUH AGAMA ISLAM,KANWIL KEMENTERIAN AGAMA PROVINSI KALIMANTAN TIMUR,20,1,2785700,6104700,150
8a038450919cdb3c0191a830e9012841,Kementerian Agama,CPNS,UMUM,PENYULUH AGAMA AHLI PERTAMA - PENYULUH AGAMA ISLAM,KANWIL KEMENTERIAN AGAMA PROVINSI BENGKULU,40,1,2785700,6104700,897
8a038450919cdb3c0191a83dc3172935,Kementerian Agama,CPNS,UMUM,PENYULUH AGAMA AHLI PERTAMA - PENYULUH AGAMA ISLAM,KANWIL KEMENTERIAN AGAMA PROVINSI LAMPUNG,21,1,2785700,6104700,1122
8a038450919cdb3c0191a870129e2b81,Kementerian Agama,CPNS,UMUM,PENYULUH AGAMA AHLI PERTAMA - PENYULUH AGAMA ISLAM,KANWIL KEMENTERIAN AGAMA PROVINSI MALUKU,6,1,2785700,6104700,160
8a038450919cdb3c0191a873ad162beb,Kementerian Agama,CPNS,UMUM,PENYULUH AGAMA AHLI PERTAMA - PENYULUH AGAMA ISLAM,KANWIL KEMENTERIAN AGAMA PROVINSI SULAWESI TENGGARA,23,1,2785700,6104700,347
8a038450919cdb3c0191a8951a992dc1,Kementerian Agama,CPNS,UMUM,PENYULUH AGAMA AHLI PERTAMA - PENYULUH AGAMA ISLAM,KANWIL KEMENTERIAN AGAMA PROVINSI SULAWESI TENGAH,10,1,2785700,6104700,213
8a038450919cdb3c0191a8ba57b82f21,Kementerian Agama,CPNS,UMUM,PENYULUH AGAMA AHLI PERTAMA - PENYULUH AGAMA ISLAM,KANWIL KEMENTERIAN AGAMA PROVINSI SUMATERA UTARA,40,1,2785700,6104700,1452
8a038450919cdb3c0191a8bb9b802f5a,Kementerian Agama,CPNS,PUTRA/PUTRI PAPUA DAN PAPUA BARAT,PENYULUH AGAMA AHLI PERTAMA - PENYULUH AGAMA ISLAM,KANWIL KEMENTERIAN AGAMA PROVINSI PAPUA,2,1,2785700,6104700,0
8a038450919cdb3c0191a8bc91bb2f5d,Kementerian Agama,CPNS,UMUM,PENYULUH AGAMA AHLI PERTAMA - PENYULUH AGAMA ISLAM,KANWIL KEMENTERIAN AGAMA PROVINSI KALIMANTAN TENGAH,7,1,2785700,6104700,130
8a038450919cdb3c0191a8c083c62f6b,Kementerian Agama,CPNS,UMUM,PENYULUH AGAMA AHLI PERTAMA - PENYULUH AGAMA ISLAM,KANWIL KEMENTERIAN AGAMA PROVINSI BANTEN,31,1,2785700,6104700,712
8a038450919cdb3c0191a830e9012841,Kementerian Agama,CPNS,UMUM,PENYULUH AGAMA AHLI PERTAMA - PENYULUH AGAMA ISLAM,KANWIL KEMENTERIAN AGAMA PROVINSI BENGKULU,40,1,2785700,6104700,897
8a038450919cdb3c0191a83dc3172935,Kementerian Agama,CPNS,UMUM,PENYULUH AGAMA AHLI PERTAMA - PENYULUH AGAMA ISLAM,KANWIL KEMENTERIAN AGAMA PROVINSI LAMPUNG,21,1,2785700,6104700,1122
8a038450919cdb3c0191a870129e2b81,Kementerian Agama,CPNS,UMUM,PENYULUH AGAMA AHLI PERTAMA - PENYULUH AGAMA ISLAM,KANWIL KEMENTERIAN AGAMA PROVINSI MALUKU,6,1,2785700,6104700,160
8a038450919cdb3c0191a873ad162beb,Kementerian Agama,CPNS,UMUM,PENYULUH AGAMA AHLI PERTAMA - PENYULUH AGAMA ISLAM,KANWIL KEMENTERIAN AGAMA PROVINSI SULAWESI TENGGARA,23,1,2785700,6104700,347
8a038450919cdb3c0191a8951a992dc1,Kementerian Agama,CPNS,UMUM,PENYULUH AGAMA AHLI PERTAMA - PENYULUH AGAMA ISLAM,KANWIL KEMENTERIAN AGAMA PROVINSI SULAWESI TENGAH,10,1,2785700,6104700,213
8a038450919cdb3c0191a8ba57b82f21,Kementerian Agama,CPNS,UMUM,PENYULUH AGAMA AHLI PERTAMA - PENYULUH AGAMA ISLAM,KANWIL KEMENTERIAN AGAMA PROVINSI SUMATERA UTARA,40,1,2785700,6104700,1452
8a038450919cdb3c0191a8bb9b802f5a,Kementerian Agama,CPNS,PUTRA/PUTRI PAPUA DAN PAPUA BARAT,PENYULUH AGAMA AHLI PERTAMA - PENYULUH AGAMA ISLAM,KANWIL KEMENTERIAN AGAMA PROVINSI PAPUA,2,1,2785700,6104700,0
8a038450919cdb3c0191a8bc91bb2f5d,Kementerian Agama,CPNS,UMUM,PENYULUH AGAMA AHLI PERTAMA - PENYULUH AGAMA ISLAM,KANWIL KEMENTERIAN AGAMA PROVINSI KALIMANTAN TENGAH,7,1,2785700,6104700,130
8a038450919cdb3c0191a8c083c62f6b,Kementerian Agama,CPNS,UMUM,PENYULUH AGAMA AHLI PERTAMA - PENYULUH AGAMA ISLAM,KANWIL KEMENTERIAN AGAMA PROVINSI BANTEN,31,1,2785700,6104700,712
8a038450919cdb3c0191a9195af93310,Kementerian Agama,CPNS,UMUM,PENYULUH AGAMA AHLI PERTAMA - PENYULUH AGAMA ISLAM,KANWIL KEMENTERIAN AGAMA PROVINSI GORONTALO,10,1,2785700,6104700,240
8a038450919cdb3c0191a83dc3172935,Kementerian Agama,CPNS,UMUM,PENYULUH AGAMA AHLI PERTAMA - PENYULUH AGAMA ISLAM,KANWIL KEMENTERIAN AGAMA PROVINSI LAMPUNG,21,1,2785700,6104700,1122
8a038450919cdb3c0191a870129e2b81,Kementerian Agama,CPNS,UMUM,PENYULUH AGAMA AHLI PERTAMA - PENYULUH AGAMA ISLAM,KANWIL KEMENTERIAN AGAMA PROVINSI MALUKU,6,1,2785700,6104700,160
8a038450919cdb3c0191a873ad162beb,Kementerian Agama,CPNS,UMUM,PENYULUH AGAMA AHLI PERTAMA - PENYULUH AGAMA ISLAM,KANWIL KEMENTERIAN AGAMA PROVINSI SULAWESI TENGGARA,23,1,2785700,6104700,347
8a038450919cdb3c0191a8951a992dc1,Kementerian Agama,CPNS,UMUM,PENYULUH AGAMA AHLI PERTAMA - PENYULUH AGAMA ISLAM,KANWIL KEMENTERIAN AGAMA PROVINSI SULAWESI TENGAH,10,1,2785700,6104700,213
8a038450919cdb3c0191a8ba57b82f21,Kementerian Agama,CPNS,UMUM,PENYULUH AGAMA AHLI PERTAMA - PENYULUH AGAMA ISLAM,KANWIL KEMENTERIAN AGAMA PROVINSI SUMATERA UTARA,40,1,2785700,6104700,1452
8a038450919cdb3c0191a8bb9b802f5a,Kementerian Agama,CPNS,PUTRA/PUTRI PAPUA DAN PAPUA BARAT,PENYULUH AGAMA AHLI PERTAMA - PENYULUH AGAMA ISLAM,KANWIL KEMENTERIAN AGAMA PROVINSI PAPUA,2,1,2785700,6104700,0
8a038450919cdb3c0191a8bc91bb2f5d,Kementerian Agama,CPNS,UMUM,PENYULUH AGAMA AHLI PERTAMA - PENYULUH AGAMA ISLAM,KANWIL KEMENTERIAN AGAMA PROVINSI KALIMANTAN TENGAH,7,1,2785700,6104700,130
8a038450919cdb3c0191a8c083c62f6b,Kementerian Agama,CPNS,UMUM,PENYULUH AGAMA AHLI PERTAMA - PENYULUH AGAMA ISLAM,KANWIL KEMENTERIAN AGAMA PROVINSI BANTEN,31,1,2785700,6104700,712
8a038450919cdb3c0191a9195af93310,Kementerian Agama,CPNS,UMUM,PENYULUH AGAMA AHLI PERTAMA - PENYULUH AGAMA ISLAM,KANWIL KEMENTERIAN AGAMA PROVINSI GORONTALO,10,1,2785700,6104700,240
8a038450919cdb3c0191a91ac4de331f,Kementerian Agama,CPNS,UMUM,PENYULUH AGAMA AHLI PERTAMA - PENYULUH AGAMA ISLAM,KANWIL KEMENTERIAN AGAMA PROVINSI KEPULAUAN BANGKA BELITUNG,13,1,2785700,6104700,208
8a038450919cdb3c0191a870129e2b81,Kementerian Agama,CPNS,UMUM,PENYULUH AGAMA AHLI PERTAMA - PENYULUH AGAMA ISLAM,KANWIL KEMENTERIAN AGAMA PROVINSI MALUKU,6,1,2785700,6104700,160
8a038450919cdb3c0191a873ad162beb,Kementerian Agama,CPNS,UMUM,PENYULUH AGAMA AHLI PERTAMA - PENYULUH AGAMA ISLAM,KANWIL KEMENTERIAN AGAMA PROVINSI SULAWESI TENGGARA,23,1,2785700,6104700,347
8a038450919cdb3c0191a8951a992dc1,Kementerian Agama,CPNS,UMUM,PENYULUH AGAMA AHLI PERTAMA - PENYULUH AGAMA ISLAM,KANWIL KEMENTERIAN AGAMA PROVINSI SULAWESI TENGAH,10,1,2785700,6104700,213
8a038450919cdb3c0191a8ba57b82f21,Kementerian Agama,CPNS,UMUM,PENYULUH AGAMA AHLI PERTAMA - PENYULUH AGAMA ISLAM,KANWIL KEMENTERIAN AGAMA PROVINSI SUMATERA UTARA,40,1,2785700,6104700,1452
8a038450919cdb3c0191a8bb9b802f5a,Kementerian Agama,CPNS,PUTRA/PUTRI PAPUA DAN PAPUA BARAT,PENYULUH AGAMA AHLI PERTAMA - PENYULUH AGAMA ISLAM,KANWIL KEMENTERIAN AGAMA PROVINSI PAPUA,2,1,2785700,6104700,0
8a038450919cdb3c0191a8bc91bb2f5d,Kementerian Agama,CPNS,UMUM,PENYULUH AGAMA AHLI PERTAMA - PENYULUH AGAMA ISLAM,KANWIL KEMENTERIAN AGAMA PROVINSI KALIMANTAN TENGAH,7,1,2785700,6104700,130
8a038450919cdb3c0191a8c083c62f6b,Kementerian Agama,CPNS,UMUM,PENYULUH AGAMA AHLI PERTAMA - PENYULUH AGAMA ISLAM,KANWIL KEMENTERIAN AGAMA PROVINSI BANTEN,31,1,2785700,6104700,712
8a038450919cdb3c0191a9195af93310,Kementerian Agama,CPNS,UMUM,PENYULUH AGAMA AHLI PERTAMA - PENYULUH AGAMA ISLAM,KANWIL KEMENTERIAN AGAMA PROVINSI GORONTALO,10,1,2785700,6104700,240
8a038450919cdb3c0191a91ac4de331f,Kementerian Agama,CPNS,UMUM,PENYULUH AGAMA AHLI PERTAMA - PENYULUH AGAMA ISLAM,KANWIL KEMENTERIAN AGAMA PROVINSI KEPULAUAN BANGKA BELITUNG,13,1,2785700,6104700,208
8a038450919cdb3c0191a91efd503332,Kementerian Agama,CPNS,UMUM,PENYULUH AGAMA AHLI PERTAMA - PENYULUH AGAMA ISLAM,KANWIL KEMENTERIAN AGAMA PROVINSI SULAWESI BARAT,36,1,2785700,6104700,551
8a038450919cdb3c0191a873ad162beb,Kementerian Agama,CPNS,UMUM,PENYULUH AGAMA AHLI PERTAMA - PENYULUH AGAMA ISLAM,KANWIL KEMENTERIAN AGAMA PROVINSI SULAWESI TENGGARA,23,1,2785700,6104700,347
8a038450919cdb3c0191a8951a992dc1,Kementerian Agama,CPNS,UMUM,PENYULUH AGAMA AHLI PERTAMA - PENYULUH AGAMA ISLAM,KANWIL KEMENTERIAN AGAMA PROVINSI SULAWESI TENGAH,10,1,2785700,6104700,213
8a038450919cdb3c0191a8ba57b82f21,Kementerian Agama,CPNS,UMUM,PENYULUH AGAMA AHLI PERTAMA - PENYULUH AGAMA ISLAM,KANWIL KEMENTERIAN AGAMA PROVINSI SUMATERA UTARA,40,1,2785700,6104700,1452
8a038450919cdb3c0191a8bb9b802f5a,Kementerian Agama,CPNS,PUTRA/PUTRI PAPUA DAN PAPUA BARAT,PENYULUH AGAMA AHLI PERTAMA - PENYULUH AGAMA ISLAM,KANWIL KEMENTERIAN AGAMA PROVINSI PAPUA,2,1,2785700,6104700,0
8a038450919cdb3c0191a8bc91bb2f5d,Kementerian Agama,CPNS,UMUM,PENYULUH AGAMA AHLI PERTAMA - PENYULUH AGAMA ISLAM,KANWIL KEMENTERIAN AGAMA PROVINSI KALIMANTAN TENGAH,7,1,2785700,6104700,130
8a038450919cdb3c0191a8c083c62f6b,Kementerian Agama,CPNS,UMUM,PENYULUH AGAMA AHLI PERTAMA - PENYULUH AGAMA ISLAM,KANWIL KEMENTERIAN AGAMA PROVINSI BANTEN,31,1,2785700,6104700,712
8a038450919cdb3c0191a9195af93310,Kementerian Agama,CPNS,UMUM,PENYULUH AGAMA AHLI PERTAMA - PENYULUH AGAMA ISLAM,KANWIL KEMENTERIAN AGAMA PROVINSI GORONTALO,10,1,2785700,6104700,240
8a038450919cdb3c0191a91ac4de331f,Kementerian Agama,CPNS,UMUM,PENYULUH AGAMA AHLI PERTAMA - PENYULUH AGAMA ISLAM,KANWIL KEMENTERIAN AGAMA PROVINSI KEPULAUAN BANGKA BELITUNG,13,1,2785700,6104700,208
8a038450919cdb3c0191a91efd503332,Kementerian Agama,CPNS,UMUM,PENYULUH AGAMA AHLI PERTAMA - PENYULUH AGAMA ISLAM,KANWIL KEMENTERIAN AGAMA PROVINSI SULAWESI BARAT,36,1,2785700,6104700,551
8a038450919cdb3c0191a95ce8f5348a,Kementerian Agama,CPNS,UMUM,PENYULUH AGAMA AHLI PERTAMA - PENYULUH AGAMA ISLAM,KANWIL KEMENTERIAN AGAMA PROVINSI JAMBI,33,1,2785700,6104700,864
8a038450919cdb3c0191a8951a992dc1,Kementerian Agama,CPNS,UMUM,PENYULUH AGAMA AHLI PERTAMA - PENYULUH AGAMA ISLAM,KANWIL KEMENTERIAN AGAMA PROVINSI SULAWESI TENGAH,10,1,2785700,6104700,213
8a038450919cdb3c0191a8ba57b82f21,Kementerian Agama,CPNS,UMUM,PENYULUH AGAMA AHLI PERTAMA - PENYULUH AGAMA ISLAM,KANWIL KEMENTERIAN AGAMA PROVINSI SUMATERA UTARA,40,1,2785700,6104700,1452
8a038450919cdb3c0191a8bb9b802f5a,Kementerian Agama,CPNS,PUTRA/PUTRI PAPUA DAN PAPUA BARAT,PENYULUH AGAMA AHLI PERTAMA - PENYULUH AGAMA ISLAM,KANWIL KEMENTERIAN AGAMA PROVINSI PAPUA,2,1,2785700,6104700,0
8a038450919cdb3c0191a8bc91bb2f5d,Kementerian Agama,CPNS,UMUM,PENYULUH AGAMA AHLI PERTAMA - PENYULUH AGAMA ISLAM,KANWIL KEMENTERIAN AGAMA PROVINSI KALIMANTAN TENGAH,7,1,2785700,6104700,130
8a038450919cdb3c0191a8c083c62f6b,Kementerian Agama,CPNS,UMUM,PENYULUH AGAMA AHLI PERTAMA - PENYULUH AGAMA ISLAM,KANWIL KEMENTERIAN AGAMA PROVINSI BANTEN,31,1,2785700,6104700,712
8a038450919cdb3c0191a9195af93310,Kementerian Agama,CPNS,UMUM,PENYULUH AGAMA AHLI PERTAMA - PENYULUH AGAMA ISLAM,KANWIL KEMENTERIAN AGAMA PROVINSI GORONTALO,10,1,2785700,6104700,240
8a038450919cdb3c0191a91ac4de331f,Kementerian Agama,CPNS,UMUM,PENYULUH AGAMA AHLI PERTAMA - PENYULUH AGAMA ISLAM,KANWIL KEMENTERIAN AGAMA PROVINSI KEPULAUAN BANGKA BELITUNG,13,1,2785700,6104700,208
8a038450919cdb3c0191a91efd503332,Kementerian Agama,CPNS,UMUM,PENYULUH AGAMA AHLI PERTAMA - PENYULUH AGAMA ISLAM,KANWIL KEMENTERIAN AGAMA PROVINSI SULAWESI BARAT,36,1,2785700,6104700,551
8a038450919cdb3c0191a95ce8f5348a,Kementerian Agama,CPNS,UMUM,PENYULUH AGAMA AHLI PERTAMA - PENYULUH AGAMA ISLAM,KANWIL KEMENTERIAN AGAMA PROVINSI JAMBI,33,1,2785700,6104700,864
1782a192-1bdc-4da1-bfba-d9e1346ceb09,"Kementerian Pendidikan, Kebudayaan, Riset dan Teknologi",CPNS,UMUM,PENYULUH BAHASA,"KEMENTERIAN PENDIDIKAN, KEBUDAYAAN, RISET, DAN TEKNOLOGI | Badan Pengembangan dan Pembinaan Bahasa | Balai Bahasa Provinsi Sumatera Utara | Subbagian Umum",1,1,3043120,7566328,20
8a038450919cdb3c0191a8ba57b82f21,Kementerian Agama,CPNS,UMUM,PENYULUH AGAMA AHLI PERTAMA - PENYULUH AGAMA ISLAM,KANWIL KEMENTERIAN AGAMA PROVINSI SUMATERA UTARA,40,1,2785700,6104700,1452
8a038450919cdb3c0191a8bb9b802f5a,Kementerian Agama,CPNS,PUTRA/PUTRI PAPUA DAN PAPUA BARAT,PENYULUH AGAMA AHLI PERTAMA - PENYULUH AGAMA ISLAM,KANWIL KEMENTERIAN AGAMA PROVINSI PAPUA,2,1,2785700,6104700,0
8a038450919cdb3c0191a8bc91bb2f5d,Kementerian Agama,CPNS,UMUM,PENYULUH AGAMA AHLI PERTAMA - PENYULUH AGAMA ISLAM,KANWIL KEMENTERIAN AGAMA PROVINSI KALIMANTAN TENGAH,7,1,2785700,6104700,130
8a038450919cdb3c0191a8c083c62f6b,Kementerian Agama,CPNS,UMUM,PENYULUH AGAMA AHLI PERTAMA - PENYULUH AGAMA ISLAM,KANWIL KEMENTERIAN AGAMA PROVINSI BANTEN,31,1,2785700,6104700,712
8a038450919cdb3c0191a9195af93310,Kementerian Agama,CPNS,UMUM,PENYULUH AGAMA AHLI PERTAMA - PENYULUH AGAMA ISLAM,KANWIL KEMENTERIAN AGAMA PROVINSI GORONTALO,10,1,2785700,6104700,240
8a038450919cdb3c0191a91ac4de331f,Kementerian Agama,CPNS,UMUM,PENYULUH AGAMA AHLI PERTAMA - PENYULUH AGAMA ISLAM,KANWIL KEMENTERIAN AGAMA PROVINSI KEPULAUAN BANGKA BELITUNG,13,1,2785700,6104700,208
8a038450919cdb3c0191a91efd503332,Kementerian Agama,CPNS,UMUM,PENYULUH AGAMA AHLI PERTAMA - PENYULUH AGAMA ISLAM,KANWIL KEMENTERIAN AGAMA PROVINSI SULAWESI BARAT,36,1,2785700,6104700,551
8a038450919cdb3c0191a95ce8f5348a,Kementerian Agama,CPNS,UMUM,PENYULUH AGAMA AHLI PERTAMA - PENYULUH AGAMA ISLAM,KANWIL KEMENTERIAN AGAMA PROVINSI JAMBI,33,1,2785700,6104700,864
1782a192-1bdc-4da1-bfba-d9e1346ceb09,"Kementerian Pendidikan, Kebudayaan, Riset dan Teknologi",CPNS,UMUM,PENYULUH BAHASA,"KEMENTERIAN PENDIDIKAN, KEBUDAYAAN, RISET, DAN TEKNOLOGI | Badan Pengembangan dan Pembinaan Bahasa | Balai Bahasa Provinsi Sumatera Utara | Subbagian Umum",1,1,3043120,7566328,20
61f15adf-cea9-4b80-9f31-bcc774c57db9,"Kementerian Pendidikan, Kebudayaan, Riset dan Teknologi",CPNS,UMUM,PENYULUH BAHASA,"KEMENTERIAN PENDIDIKAN, KEBUDAYAAN, RISET, DAN TEKNOLOGI | Badan Pengembangan dan Pembinaan Bahasa | Balai Bahasa Provinsi Riau | Subbagian Umum",1,1,3043120,7566328,35
8a038450919cdb3c0191a8bb9b802f5a,Kementerian Agama,CPNS,PUTRA/PUTRI PAPUA DAN PAPUA BARAT,PENYULUH AGAMA AHLI PERTAMA - PENYULUH AGAMA ISLAM,KANWIL KEMENTERIAN AGAMA PROVINSI PAPUA,2,1,2785700,6104700,0
8a038450919cdb3c0191a8bc91bb2f5d,Kementerian Agama,CPNS,UMUM,PENYULUH AGAMA AHLI PERTAMA - PENYULUH AGAMA ISLAM,KANWIL KEMENTERIAN AGAMA PROVINSI KALIMANTAN TENGAH,7,1,2785700,6104700,130
8a038450919cdb3c0191a8c083c62f6b,Kementerian Agama,CPNS,UMUM,PENYULUH AGAMA AHLI PERTAMA - PENYULUH AGAMA ISLAM,KANWIL KEMENTERIAN AGAMA PROVINSI BANTEN,31,1,2785700,6104700,712
8a038450919cdb3c0191a9195af93310,Kementerian Agama,CPNS,UMUM,PENYULUH AGAMA AHLI PERTAMA - PENYULUH AGAMA ISLAM,KANWIL KEMENTERIAN AGAMA PROVINSI GORONTALO,10,1,2785700,6104700,240
8a038450919cdb3c0191a91ac4de331f,Kementerian Agama,CPNS,UMUM,PENYULUH AGAMA AHLI PERTAMA - PENYULUH AGAMA ISLAM,KANWIL KEMENTERIAN AGAMA PROVINSI KEPULAUAN BANGKA BELITUNG,13,1,2785700,6104700,208
8a038450919cdb3c0191a91efd503332,Kementerian Agama,CPNS,UMUM,PENYULUH AGAMA AHLI PERTAMA - PENYULUH AGAMA ISLAM,KANWIL KEMENTERIAN AGAMA PROVINSI SULAWESI BARAT,36,1,2785700,6104700,551
8a038450919cdb3c0191a95ce8f5348a,Kementerian Agama,CPNS,UMUM,PENYULUH AGAMA AHLI PERTAMA - PENYULUH AGAMA ISLAM,KANWIL KEMENTERIAN AGAMA PROVINSI JAMBI,33,1,2785700,6104700,864
1782a192-1bdc-4da1-bfba-d9e1346ceb09,"Kementerian Pendidikan, Kebudayaan, Riset dan Teknologi",CPNS,UMUM,PENYULUH BAHASA,"KEMENTERIAN PENDIDIKAN, KEBUDAYAAN, RISET, DAN TEKNOLOGI | Badan Pengembangan dan Pembinaan Bahasa | Balai Bahasa Provinsi Sumatera Utara | Subbagian Umum",1,1,3043120,7566328,20
61f15adf-cea9-4b80-9f31-bcc774c57db9,"Kementerian Pendidikan, Kebudayaan, Riset dan Teknologi",CPNS,UMUM,PENYULUH BAHASA,"KEMENTERIAN PENDIDIKAN, KEBUDAYAAN, RISET, DAN TEKNOLOGI | Badan Pengembangan dan Pembinaan Bahasa | Balai Bahasa Provinsi Riau | Subbagian Umum",1,1,3043120,7566328,35
2edd494d-9d8a-435b-bead-553b105b24c6,Pemerintah Kab. Pasangkayu,CPNS,UMUM,ANALIS KEBIJAKAN AHLI PERTAMA,Pemerintah Kabupaten Pasangkayu | Dinas Kebudayaan dan Pariwisata | Bidang Kebudayaan,1,0,2785700,3715698,23
8a038450919cdb3c0191a8bc91bb2f5d,Kementerian Agama,CPNS,UMUM,PENYULUH AGAMA AHLI PERTAMA - PENYULUH AGAMA ISLAM,KANWIL KEMENTERIAN AGAMA PROVINSI KALIMANTAN TENGAH,7,1,2785700,6104700,130
8a038450919cdb3c0191a8c083c62f6b,Kementerian Agama,CPNS,UMUM,PENYULUH AGAMA AHLI PERTAMA - PENYULUH AGAMA ISLAM,KANWIL KEMENTERIAN AGAMA PROVINSI BANTEN,31,1,2785700,6104700,712
8a038450919cdb3c0191a9195af93310,Kementerian Agama,CPNS,UMUM,PENYULUH AGAMA AHLI PERTAMA - PENYULUH AGAMA ISLAM,KANWIL KEMENTERIAN AGAMA PROVINSI GORONTALO,10,1,2785700,6104700,240
8a038450919cdb3c0191a91ac4de331f,Kementerian Agama,CPNS,UMUM,PENYULUH AGAMA AHLI PERTAMA - PENYULUH AGAMA ISLAM,KANWIL KEMENTERIAN AGAMA PROVINSI KEPULAUAN BANGKA BELITUNG,13,1,2785700,6104700,208
8a038450919cdb3c0191a91efd503332,Kementerian Agama,CPNS,UMUM,PENYULUH AGAMA AHLI PERTAMA - PENYULUH AGAMA ISLAM,KANWIL KEMENTERIAN AGAMA PROVINSI SULAWESI BARAT,36,1,2785700,6104700,551
8a038450919cdb3c0191a95ce8f5348a,Kementerian Agama,CPNS,UMUM,PENYULUH AGAMA AHLI PERTAMA - PENYULUH AGAMA ISLAM,KANWIL KEMENTERIAN AGAMA PROVINSI JAMBI,33,1,2785700,6104700,864
1782a192-1bdc-4da1-bfba-d9e1346ceb09,"Kementerian Pendidikan, Kebudayaan, Riset dan Teknologi",CPNS,UMUM,PENYULUH BAHASA,"KEMENTERIAN PENDIDIKAN, KEBUDAYAAN, RISET, DAN TEKNOLOGI | Badan Pengembangan dan Pembinaan Bahasa | Balai Bahasa Provinsi Sumatera Utara | Subbagian Umum",1,1,3043120,7566328,20
61f15adf-cea9-4b80-9f31-bcc774c57db9,"Kementerian Pendidikan, Kebudayaan, Riset dan Teknologi",CPNS,UMUM,PENYULUH BAHASA,"KEMENTERIAN PENDIDIKAN, KEBUDAYAAN, RISET, DAN TEKNOLOGI | Badan Pengembangan dan Pembinaan Bahasa | Balai Bahasa Provinsi Riau | Subbagian Umum",1,1,3043120,7566328,35
2edd494d-9d8a-435b-bead-553b105b24c6,Pemerintah Kab. Pasangkayu,CPNS,UMUM,ANALIS KEBIJAKAN AHLI PERTAMA,Pemerintah Kabupaten Pasangkayu | Dinas Kebudayaan dan Pariwisata | Bidang Kebudayaan,1,0,2785700,3715698,23
5fb88a07-7b73-46aa-9bfd-653694fd7327,Pemerintah Kab. Pidie Jaya,CPNS,UMUM,ANALIS KEBIJAKAN AHLI PERTAMA,PEMERINTAH KABUPATEN PIDIE JAYA | DINAS SYARIAT ISLAM,1,1,2785000,3700000,74
8a038450919cdb3c0191a8c083c62f6b,Kementerian Agama,CPNS,UMUM,PENYULUH AGAMA AHLI PERTAMA - PENYULUH AGAMA ISLAM,KANWIL KEMENTERIAN AGAMA PROVINSI BANTEN,31,1,2785700,6104700,712
8a038450919cdb3c0191a9195af93310,Kementerian Agama,CPNS,UMUM,PENYULUH AGAMA AHLI PERTAMA - PENYULUH AGAMA ISLAM,KANWIL KEMENTERIAN AGAMA PROVINSI GORONTALO,10,1,2785700,6104700,240
8a038450919cdb3c0191a91ac4de331f,Kementerian Agama,CPNS,UMUM,PENYULUH AGAMA AHLI PERTAMA - PENYULUH AGAMA ISLAM,KANWIL KEMENTERIAN AGAMA PROVINSI KEPULAUAN BANGKA BELITUNG,13,1,2785700,6104700,208
8a038450919cdb3c0191a91efd503332,Kementerian Agama,CPNS,UMUM,PENYULUH AGAMA AHLI PERTAMA - PENYULUH AGAMA ISLAM,KANWIL KEMENTERIAN AGAMA PROVINSI SULAWESI BARAT,36,1,2785700,6104700,551
8a038450919cdb3c0191a95ce8f5348a,Kementerian Agama,CPNS,UMUM,PENYULUH AGAMA AHLI PERTAMA - PENYULUH AGAMA ISLAM,KANWIL KEMENTERIAN AGAMA PROVINSI JAMBI,33,1,2785700,6104700,864
1782a192-1bdc-4da1-bfba-d9e1346ceb09,"Kementerian Pendidikan, Kebudayaan, Riset dan Teknologi",CPNS,UMUM,PENYULUH BAHASA,"KEMENTERIAN PENDIDIKAN, KEBUDAYAAN, RISET, DAN TEKNOLOGI | Badan Pengembangan dan Pembinaan Bahasa | Balai Bahasa Provinsi Sumatera Utara | Subbagian Umum",1,1,3043120,7566328,20
61f15adf-cea9-4b80-9f31-bcc774c57db9,"Kementerian Pendidikan, Kebudayaan, Riset dan Teknologi",CPNS,UMUM,PENYULUH BAHASA,"KEMENTERIAN PENDIDIKAN, KEBUDAYAAN, RISET, DAN TEKNOLOGI | Badan Pengembangan dan Pembinaan Bahasa | Balai Bahasa Provinsi Riau | Subbagian Umum",1,1,3043120,7566328,35
2edd494d-9d8a-435b-bead-553b105b24c6,Pemerintah Kab. Pasangkayu,CPNS,UMUM,ANALIS KEBIJAKAN AHLI PERTAMA,Pemerintah Kabupaten Pasangkayu | Dinas Kebudayaan dan Pariwisata | Bidang Kebudayaan,1,0,2785700,3715698,23
5fb88a07-7b73-46aa-9bfd-653694fd7327,Pemerintah Kab. Pidie Jaya,CPNS,UMUM,ANALIS KEBIJAKAN AHLI PERTAMA,PEMERINTAH KABUPATEN PIDIE JAYA | DINAS SYARIAT ISLAM,1,1,2785000,3700000,74
7450eae6-9899-4cc6-a373-dfb03a7e39df,Pemerintah Kab. Pidie Jaya,CPNS,UMUM,ANALIS KEBIJAKAN AHLI PERTAMA,PEMERINTAH KABUPATEN PIDIE JAYA | DINAS PENDIDIKAN DAYAH,1,1,2785000,3700000,61
8a038450919cdb3c0191a9195af93310,Kementerian Agama,CPNS,UMUM,PENYULUH AGAMA AHLI PERTAMA - PENYULUH AGAMA ISLAM,KANWIL KEMENTERIAN AGAMA PROVINSI GORONTALO,10,1,2785700,6104700,240
8a038450919cdb3c0191a91ac4de331f,Kementerian Agama,CPNS,UMUM,PENYULUH AGAMA AHLI PERTAMA - PENYULUH AGAMA ISLAM,KANWIL KEMENTERIAN AGAMA PROVINSI KEPULAUAN BANGKA BELITUNG,13,1,2785700,6104700,208
8a038450919cdb3c0191a91efd503332,Kementerian Agama,CPNS,UMUM,PENYULUH AGAMA AHLI PERTAMA - PENYULUH AGAMA ISLAM,KANWIL KEMENTERIAN AGAMA PROVINSI SULAWESI BARAT,36,1,2785700,6104700,551
8a038450919cdb3c0191a95ce8f5348a,Kementerian Agama,CPNS,UMUM,PENYULUH AGAMA AHLI PERTAMA - PENYULUH AGAMA ISLAM,KANWIL KEMENTERIAN AGAMA PROVINSI JAMBI,33,1,2785700,6104700,864
1782a192-1bdc-4da1-bfba-d9e1346ceb09,"Kementerian Pendidikan, Kebudayaan, Riset dan Teknologi",CPNS,UMUM,PENYULUH BAHASA,"KEMENTERIAN PENDIDIKAN, KEBUDAYAAN, RISET, DAN TEKNOLOGI | Badan Pengembangan dan Pembinaan Bahasa | Balai Bahasa Provinsi Sumatera Utara | Subbagian Umum",1,1,3043120,7566328,20
61f15adf-cea9-4b80-9f31-bcc774c57db9,"Kementerian Pendidikan, Kebudayaan, Riset dan Teknologi",CPNS,UMUM,PENYULUH BAHASA,"KEMENTERIAN PENDIDIKAN, KEBUDAYAAN, RISET, DAN TEKNOLOGI | Badan Pengembangan dan Pembinaan Bahasa | Balai Bahasa Provinsi Riau | Subbagian Umum",1,1,3043120,7566328,35
2edd494d-9d8a-435b-bead-553b105b24c6,Pemerintah Kab. Pasangkayu,CPNS,UMUM,ANALIS KEBIJAKAN AHLI PERTAMA,Pemerintah Kabupaten Pasangkayu | Dinas Kebudayaan dan Pariwisata | Bidang Kebudayaan,1,0,2785700,3715698,23
5fb88a07-7b73-46aa-9bfd-653694fd7327,Pemerintah Kab. Pidie Jaya,CPNS,UMUM,ANALIS KEBIJAKAN AHLI PERTAMA,PEMERINTAH KABUPATEN PIDIE JAYA | DINAS SYARIAT ISLAM,1,1,2785000,3700000,74
7450eae6-9899-4cc6-a373-dfb03a7e39df,Pemerintah Kab. Pidie Jaya,CPNS,UMUM,ANALIS KEBIJAKAN AHLI PERTAMA,PEMERINTAH KABUPATEN PIDIE JAYA | DINAS PENDIDIKAN DAYAH,1,1,2785000,3700000,61
